date,close,volume,yield
2016/08/26,27.3,708.543,0
2016/08/25,26.6,86.9385,0
2016/08/24,26.6,153.76,0
2016/08/23,26.4,70.9449,0
2016/08/22,26.55,152.531,0
2016/08/19,26.3,167.545,0
2016/08/18,26.45,103.124,0
2016/08/17,26.5,108.92,0
2016/08/16,26.7,191.796,0
2016/08/15,26.65,161.478,0
2016/08/12,26.65,151.426,0
2016/08/11,26.8,258.571,0
2016/08/10,26.8,504.319,0
2016/08/09,26.25,96.3975,0
2016/08/08,26.3,105.446,0
2016/08/05,26.15,107.525,0
2016/08/04,26.1,69.1725,0
2016/08/03,25.85,76.3021,0
2016/08/02,26,94.4128,0
2016/08/01,26.25,144.102,0
2016/07/29,26,219.957,0
2016/07/28,26.2,293.382,0
2016/07/27,26.85,491.195,0
2016/07/26,27,615.83,0
2016/07/25,26.3,152.496,0
2016/07/22,26.25,206.162,0
2016/07/21,26.6,211.64,0
2016/07/20,26.65,169.14,0
2016/07/19,26.65,261.511,0
2016/07/18,26.5,532.729,0
2016/07/15,26.9,1137.09,0
2016/07/14,26.6,1981.08,0
2016/07/13,25.8,1176.06,0
2016/07/12,24.8,540.733,0
2016/07/11,24.1,232.879,0
2016/07/07,23.9,145.246,0
2016/07/06,23.85,304.994,0
2016/07/05,24.35,237.383,0
2016/07/04,24.55,785.62,0
2016/07/01,23.95,1915.07,0
2016/06/30,25.1,457.354,0
2016/06/29,25.45,387.262,0
2016/06/28,25.7,373.957,0
2016/06/27,25.65,560.714,0
2016/06/24,25.2,1429.67,0
2016/06/23,25.7,740.647,0
2016/06/22,25.65,2951.32,0
2016/06/21,25.65,1283.78,0
2016/06/20,25.45,2887.11,0
2016/06/17,26.1,4797.94,0
2016/06/16,23.75,2733.17,0
2016/06/15,23.25,8741.65,0
2016/06/14,23.85,264.232,0
2016/06/13,26.5,468.303,0
2016/06/08,29.4,270.969,0
2016/06/07,29.25,438.231,0
2016/06/06,29.3,530.705,0
2016/06/04,29.35,45.5633,0
2016/06/03,29.35,229.42,0
2016/06/02,29.35,405.909,0
2016/06/01,29.4,678.577,0
2016/05/31,29.15,984.884,0
2016/05/30,29.25,526.918,0
2016/05/27,29.35,203.37,0
2016/05/26,29.35,152.276,0
2016/05/25,29.4,143.632,0
2016/05/24,29.4,133.39,0
2016/05/23,29.4,121.134,0
2016/05/20,29.3,226.298,0
2016/05/19,29.35,191.196,0
2016/05/18,29.4,525.726,0
2016/05/17,29.45,542.217,0
2016/05/16,29.45,856.148,0
2016/05/13,29.4,320.738,0
2016/05/12,29.3,308.319,0
2016/05/11,29.35,251.692,0
2016/05/10,29.3,202.392,0
2016/05/09,29.35,221.03,0
2016/05/06,29.3,220.034,0
2016/05/05,29.25,844.112,0
2016/05/04,29.35,265.01,0
2016/05/03,29.3,384.813,0
2016/04/29,29.3,259.659,0
2016/04/28,29.3,231.95,0
2016/04/27,29.3,198.017,0
2016/04/26,29.3,291.14,0
2016/04/25,29.25,284.707,0
2016/04/22,29.25,380.586,0
2016/04/21,29.2,438.97,0
2016/04/20,29.15,437.503,0
2016/04/19,29.15,231.525,0
2016/04/18,29.15,202.105,0
2016/04/15,29.2,631.22,0
2016/04/14,29,810.054,0
2016/04/13,29.15,804.266,0
2016/04/12,29,306.736,0
2016/04/11,29.05,221.215,0
2016/04/08,29,253.658,0
2016/04/07,28.95,396.779,0
2016/04/06,29,765.195,0
2016/04/01,29.15,229.857,0
2016/03/31,29.15,312.508,0
2016/03/30,29.2,276.327,0
2016/03/29,29,343.419,0
2016/03/28,29,211.093,0
2016/03/25,29,173.865,0
2016/03/24,29,175.698,0
2016/03/23,28.85,280,0
2016/03/22,28.9,260.368,0
2016/03/21,28.8,317.015,0
2016/03/18,28.95,438.384,0
2016/03/17,28.85,460.079,0
2016/03/16,28.8,310.883,0
2016/03/15,28.7,343.745,0
2016/03/14,28.6,203.311,0
2016/03/11,28.6,313.212,0
2016/03/10,28.6,141.337,0
2016/03/09,28.6,406.116,0
2016/03/08,28.55,472.385,0
2016/03/07,28.7,364.204,0
2016/03/04,28.55,236.711,0
2016/03/03,28.55,401.639,0
2016/03/02,28.45,344.191,0
2016/03/01,28.4,286.665,0
2016/02/26,28.5,310.65,0
2016/02/25,28.3,497.683,0
2016/02/24,28.35,491.66,0
2016/02/23,28.4,579.035,0
2016/02/22,28.35,463.432,0
2016/02/19,28.35,1046.67,0
2016/02/18,28.5,524.364,0
2016/02/17,28.45,315.949,0
2016/02/16,28.55,301.524,0
2016/02/15,28.5,1275.49,0
2016/02/03,28.3,558.76,0
2016/02/02,28.45,576.61,0
2016/02/01,28.45,516.874,0
2016/01/30,28.4,165.732,0
2016/01/29,28.4,460.78,0
2016/01/28,28.3,218.737,0
2016/01/27,28.2,461.492,0
2016/01/26,28.4,533.252,0
2016/01/25,28.4,405.708,0
2016/01/22,28.4,901.117,0
2016/01/21,28.45,656.447,0
2016/01/20,28.5,596.194,0
2016/01/19,28.7,445.321,0
2016/01/18,28.4,424.522,0
2016/01/15,28.25,612.657,0
2016/01/14,28.15,523.628,0
2016/01/13,28.1,390.356,0
2016/01/12,28.1,749.613,0
2016/01/11,28.1,684.348,0
2016/01/08,28.1,688.134,0
2016/01/07,28.1,1006.85,0
2016/01/06,28.1,807.552,0
2016/01/05,28.05,809.058,0
2016/01/04,28.1,897.411,0
2015/12/31,27.95,716.76,0
2015/12/30,27.85,702.07,0
2015/12/29,27.65,502.993,0
2015/12/28,27.7,525.184,0
2015/12/25,27.55,805.505,0
2015/12/24,27.3,968.69,0
2015/12/23,27.55,763.34,0
2015/12/22,27.5,1470.17,0
2015/12/21,27.85,1105.07,0
2015/12/18,28,2059.03,0
2015/12/17,27.9,7171.85,0
2015/12/16,27.8,1876.84,0
2015/12/15,25.3,179.149,0
2015/12/14,23,2969.6,0
2015/12/11,21.55,821.448,0
2015/12/10,20.8,1045.04,0
2015/12/09,21.8,755.288,0
2015/12/08,22,1400.05,0
2015/12/07,22.9,705.911,0
2015/12/04,23.4,741.693,0
2015/12/03,23.7,1197.21,0
2015/12/02,23.1,767.507,0
2015/12/01,23,1146.89,0
2015/11/30,22.1,1093.64,0
2015/11/27,22.5,879.321,0
2015/11/26,23.1,1092.77,0
2015/11/25,22.45,772.083,0
2015/11/24,22.45,1209.41,0
2015/11/23,22.6,1902.08,0
2015/11/20,23.75,834.871,0
2015/11/19,24.35,1238.2,0
2015/11/18,24.2,1076.33,0
2015/11/17,23.6,1564.36,0
2015/11/16,24.4,1192.47,0
2015/11/13,23.55,2128.93,0
2015/11/12,25.35,1384.79,0
2015/11/11,24.6,1957.95,0
2015/11/10,25.8,1459.27,0
2015/11/09,25.8,1536.33,0
2015/11/06,26.15,1707,0
2015/11/05,26.8,1375.89,0
2015/11/04,26.8,2760.32,0
2015/11/03,26,2874.3,0
2015/11/02,25.05,1538.31,0
2015/10/30,25.1,2030.81,0
2015/10/29,24.25,1595.22,0
2015/10/28,23.75,1201.86,0
2015/10/27,23.9,1469.22,0
2015/10/26,23.55,851.504,0
2015/10/23,22.85,828.257,0
2015/10/22,22.9,1060.78,0
2015/10/21,22.8,2549.41,0
2015/10/20,24.1,1307.42,0
2015/10/19,24,795.625,0
2015/10/16,24,1483.64,0
2015/10/15,24.35,1681.91,0
2015/10/14,24.45,2451.29,0
2015/10/13,24.25,1281.7,0
2015/10/12,24.4,1578.59,0
2015/10/08,23.8,3168.93,0
2015/10/07,24.85,3684.26,0
2015/10/06,22.7,3074.44,0
2015/10/05,23.35,4025.17,0
2015/10/02,22.25,2213.43,0
2015/10/01,21.3,1305.38,0
2015/09/30,20.55,1640.31,0
2015/09/25,20.65,1778.5,0
2015/09/24,20.45,3192.6,0
2015/09/23,21.55,1749.69,0
2015/09/22,22.7,1145.8,0
2015/09/21,22.55,1737.59,0
2015/09/18,23.15,1799.68,0
2015/09/17,22.8,1621.16,0
2015/09/16,22.6,2341.56,0
2015/09/15,23,2157.06,0
2015/09/14,22.1,1547.32,0
2015/09/11,22.75,2109.21,0
2015/09/10,23.65,1926.83,0
2015/09/09,23.7,3155.76,0
2015/09/08,22.95,1644.65,0
2015/09/07,23.05,3953.72,0
2015/09/04,22.2,4999.02,0
2015/09/03,23.2,5441.18,0
2015/09/02,21.4,2802.04,0
2015/09/01,19.75,2178.83,0
2015/08/31,19.6,2110.05,0
2015/08/28,18.8,2186.78,0
2015/08/27,17.9,1109.57,0
2015/08/26,18.1,1109.3,0
2015/08/25,18.6,1946.45,0
2015/08/24,17.4,2572.47,0
2015/08/21,17.25,1413.25,0
2015/08/20,17.95,1136.83,0
2015/08/19,17.6,1634.86,0
2015/08/18,18.65,761.896,0
2015/08/17,18.7,1470.57,0
2015/08/14,19.85,1769.22,0
2015/08/13,19.85,2299.85,0
2015/08/12,18.5,1378.9,0
2015/08/11,18,1255.88,0
2015/08/10,18.6,1180.87,0
2015/08/07,18.3,1061.55,0
2015/08/06,18.5,913.854,0
2015/08/05,19.05,1210.3,0
2015/08/04,18.1,1667.55,0
2015/08/03,19.15,2693.93,0
2015/07/31,19.05,1313.26,0
2015/07/30,18.5,1566.75,0
2015/07/29,18.1,2746.51,0
2015/07/28,18.7,2057.46,0
2015/07/27,17.15,2069.73,0
2015/07/24,19.05,1842.54,0
2015/07/23,18.65,2781.7,0
2015/07/22,20.1,1198.64,0
2015/07/21,21.1,2218.13,0
2015/07/20,20.05,1559.19,0
2015/07/17,20.9,1771.94,0
2015/07/16,21.15,2354,0
2015/07/15,21.8,3841.79,0
2015/07/14,22.7,5280.63,0
2015/07/13,20.65,1925.61,0
2015/07/09,21,1976.46,0
2015/07/08,22,2688.96,0
2015/07/07,22.1,3834.58,0
2015/07/06,22.25,3126.76,0
2015/07/03,24.7,2113.19,0
2015/07/02,25.4,2720.53,0
2015/07/01,24.85,1214.11,0
2015/06/30,24.6,2026.2,0
2015/06/29,24.75,2693.83,0
2015/06/26,26.95,3208.86,0
2015/06/25,26.4,2642.11,0
2015/06/24,26.4,2203.45,0
2015/06/23,28.2,1780.23,0
2015/06/22,27.8,1805.72,0
2015/06/18,28.35,1198.85,0
2015/06/17,28.25,1902.83,0
2015/06/16,29.35,2229.4,0
2015/06/15,30.3,905.269,0
2015/06/12,30.8,803.334,0
2015/06/11,31.5,1072.33,0
2015/06/10,31.25,1072.53,0
2015/06/09,30.95,1338.27,0
2015/06/08,32.5,1617.73,0
2015/06/05,31.55,1702.28,0
2015/06/04,32.4,1884.59,0
2015/06/03,33.7,1594.31,0
2015/06/02,34.8,1367.57,0
2015/06/01,33.85,1935.6,0
2015/05/29,36.2,1246.5,0
2015/05/28,36,2674.53,0
2015/05/27,35.6,1235.65,0
2015/05/26,35.7,1119.91,0
2015/05/25,34.95,1339.33,0
2015/05/22,35.35,2911.27,0
2015/05/21,34.1,1456.21,0
2015/05/20,33.9,2060.59,0
2015/05/19,33.7,1320.31,0
2015/05/18,32.35,1515.77,0
2015/05/15,33.5,1334.29,0
2015/05/14,34.25,2486.95,0
2015/05/13,34.8,3550.61,0
2015/05/12,32.55,2609,0
2015/05/11,30.45,1849.88,0
2015/05/08,32.45,1138.07,0
2015/05/07,32.85,1450.47,0
2015/05/06,33.6,3315.22,0
2015/05/05,32.6,2783.83,0
2015/05/04,34.9,1483.97,0
2015/04/30,35.55,2270.54,0
2015/04/29,36.05,738.794,0
2015/04/28,38.75,978.059,0
2015/04/27,40,882.913,0
2015/04/24,39.9,1935.53,0
2015/04/23,40.3,1230.6,0
2015/04/22,39.95,1143.19,0
2015/04/21,39,720.493,0
2015/04/20,39.15,980.327,0
2015/04/17,38.85,1001.95,0
2015/04/16,39.45,1032.72,0
2015/04/15,39.6,1353.23,0
2015/04/14,40.5,1923.17,0
2015/04/13,40.2,3176.77,0
2015/04/10,37.9,1709.49,0
2015/04/09,36.95,2083.83,0
2015/04/08,36.7,3837.17,0
2015/04/07,39.2,1926.91,0
2015/04/02,40.5,1966.09,0
2015/04/01,40.55,1110.86,0
2015/03/31,41.75,1760.14,0
2015/03/30,40,1227.93,0
2015/03/27,39.8,2599.29,0
2015/03/26,41.8,1308.04,0
2015/03/25,42.4,1116.11,0
2015/03/24,43.25,1037.33,0
2015/03/23,43.9,1108.57,0
2015/03/20,43.45,791.86,0
2015/03/19,43.85,1244.79,0
2015/03/18,42.85,1501.16,0
2015/03/17,42.9,992.567,0
2015/03/16,43.65,532.027,0
2015/03/13,43.65,1297.01,0
2015/03/12,44.7,815.085,0
2015/03/11,43.8,635.246,0
2015/03/10,44.35,903.355,0
2015/03/09,44.5,809.816,0
2015/03/06,45.5,623.527,0
2015/03/05,45.25,745.793,0
2015/03/04,45.45,1283.49,0
2015/03/03,46.05,706.601,0
2015/03/02,45.9,1245.73,0
2015/02/26,46.35,1168.7,0
2015/02/25,46.8,2154.84,0
2015/02/24,46.2,1499.48,0
2015/02/13,45.8,1050.01,0
2015/02/12,45.9,1402.68,0
2015/02/11,44.7,3255.7,0
2015/02/10,46.4,754.567,0
2015/02/09,46,942.15,0
2015/02/06,46.7,767.792,0
2015/02/05,46.95,1121.02,0
2015/02/04,46.7,1154.86,0
2015/02/03,46.65,1313.14,0
2015/02/02,45.9,724.869,0
2015/01/30,46.35,969.873,0
2015/01/29,46.8,1618.7,0
2015/01/28,47.6,3168.32,0
2015/01/27,47.55,2352.23,0
2015/01/26,47.5,2494.95,0
2015/01/23,46.05,2039.16,0
2015/01/22,45.2,1573.86,0
2015/01/21,44.65,2171.63,0
2015/01/20,45.2,2542.43,0
2015/01/19,42.9,3761.5,0
2015/01/16,45.5,3052.8,0
2015/01/15,47.35,2310.01,0
2015/01/14,47,3138.56,0
2015/01/13,47.8,2847.6,0
2015/01/12,49.45,1249.4,0
2015/01/09,49,2432.57,0
2015/01/08,49.6,2141.75,0
2015/01/07,49.25,3036.6,0
2015/01/06,49.6,3274.75,0
2015/01/05,51.5,3586.63,0
2014/12/31,50.2,1904.71,0
2014/12/30,50.2,4580.29,0
2014/12/29,50,5772.46,0
2014/12/27,48,1029.49,0
2014/12/26,47.8,1552.87,0
2014/12/25,47.15,907.863,0
2014/12/24,47.65,1957.71,0
2014/12/23,47.05,1890.81,0
2014/12/22,47.6,3870.95,0
2014/12/19,45.1,2067.53,0
2014/12/18,45.1,1046.24,0
2014/12/17,45.3,1234.23,0
2014/12/16,45.45,1246.97,0
2014/12/15,46.3,1367.99,0
2014/12/12,45.65,1201.46,0
2014/12/11,46.1,1398.79,0
2014/12/10,46,1729.04,0
2014/12/09,45.6,3419.73,0
2014/12/08,47.85,2026.97,0
2014/12/05,48.15,2748.13,0
2014/12/04,48.9,5096.28,0
2014/12/03,46.85,2638.64,0
2014/12/02,46.3,1840.12,0
2014/12/01,47.25,2489.7,0
2014/11/28,46.8,2653.64,0
2014/11/27,47.4,4114.39,0
2014/11/26,45.6,1742.28,0
2014/11/25,45.65,2785.31,0
2014/11/24,43.9,2167.71,0
2014/11/21,45.1,2479.32,0
2014/11/20,44.75,2405.2,0
2014/11/19,42.95,2949.59,0
2014/11/18,42.3,4285.4,0
2014/11/17,44,3892.54,0
2014/11/14,46.5,2046.22,0
2014/11/13,46.4,1449.26,0
2014/11/12,45.6,2366.64,0
2014/11/11,46.5,2356.58,0
2014/11/10,47.3,2238.97,0
2014/11/07,47.2,2336.98,0
2014/11/06,46.3,2027.37,0
2014/11/05,47.65,2674.64,0
2014/11/04,47.55,2726.56,0
2014/11/03,46.75,2977.34,0
2014/10/31,46.75,3138.68,0
2014/10/30,45.8,5226.81,0
2014/10/29,47.7,5578.54,0
2014/10/28,46.1,4687.49,0
2014/10/27,43.15,2211.14,0
2014/10/24,42.95,2197.43,0
2014/10/23,43.2,1453.61,0
2014/10/22,42.95,3163.89,0
2014/10/21,43.2,2661.32,0
2014/10/20,43.5,2856.79,0
2014/10/17,40.7,4480.56,0
2014/10/16,42.95,4273.94,0
2014/10/15,40.35,3719.79,0
2014/10/14,39,2893.28,0
2014/10/13,38.85,2835.1,0
2014/10/09,41.75,1722.53,0
2014/10/08,42.25,1758.93,0
2014/10/07,43.1,2778.19,0
2014/10/06,43.8,5161.61,0
2014/10/03,46.95,2376.64,0
2014/10/02,47.05,4928.9,0
2014/10/01,44.95,2530.97,0
2014/09/30,45.2,4543.93,0
2014/09/29,43.2,3162.95,0
2014/09/26,43.9,3348.71,0
2014/09/25,41.7,2367.17,0
2014/09/24,41.55,1481.19,0
2014/09/23,41.65,2770.08,0
2014/09/22,41.8,2290.28,0
2014/09/19,43.8,1466.49,0
2014/09/18,43.7,1715.38,0
2014/09/17,44,3159.14,0
2014/09/16,42.85,5297.76,0
2014/09/15,43.8,4013.53,0
2014/09/12,46.45,2270.4,0
2014/09/11,47.3,2333.31,0
2014/09/10,47.65,2918.61,0
2014/09/09,45.35,2748.38,0
2014/09/05,48,1574.81,0
2014/09/04,47.4,2328.81,0
2014/09/03,47,4538.16,0
2014/09/02,49.05,1808.83,0
2014/09/01,49.05,2638.12,0
2014/08/29,48.9,5501.08,0
2014/08/28,51.9,2184.31,0
2014/08/27,52,3046.29,0
2014/08/26,52.2,3698.63,0
2014/08/25,52.5,4462.22,0
2014/08/22,49.2,2519.83,0
2014/08/21,48.4,2963.26,0
2014/08/20,48,3156.67,0
2014/08/19,48.9,3957.83,0
2014/08/18,48.1,1719.22,0
2014/08/15,48.05,2493.47,0
2014/08/14,48.15,2743.78,0
2014/08/13,47.4,2433.35,0
2014/08/12,47.55,5942.16,0
2014/08/11,46.45,4732.45,0
2014/08/08,43.45,2458.67,0
2014/08/07,46.7,5350.48,0
2014/08/06,50.2,4585.02,0
2014/08/05,51,4086.04,0
2014/08/04,53,2658.1,0
2014/08/01,51.5,4686.86,0
2014/07/31,52.3,3133.28,0
2014/07/30,53.2,8567.12,0
2014/07/29,53.2,5866.22,0
2014/07/28,57.1,2929.19,0
2014/07/25,58.3,3021.33,0
2014/07/24,59.1,4007.89,0
2014/07/22,59.8,5238.35,0
2014/07/21,56.3,2295.11,0
2014/07/18,57.3,2800.38,0
2014/07/17,57.8,4422.38,0
2014/07/16,58.3,2380.25,0
2014/07/15,58.1,3977.64,0
2014/07/14,56.7,3421.84,0
2014/07/11,57.5,7048.19,0
2014/07/10,60.5,4397.38,0
2014/07/09,58.7,4221.72,0
2014/07/08,60.2,4170.59,0
2014/07/07,60.9,5181.83,0
2014/07/04,59.9,8034.04,0
2014/07/03,61.6,9320.82,0
2014/07/02,57.6,8187.22,0
2014/07/01,54.8,4700.14,0
2014/06/30,54.3,5769.74,0
2014/06/27,51.5,4175.59,0
2014/06/26,53.1,2732.79,0
2014/06/25,53.3,3538.33,0
2014/06/24,54,4541.84,0
2014/06/23,52.7,4645.58,0
2014/06/20,52.7,3324.88,0
2014/06/19,54,3657.32,0
2014/06/18,53.3,7680.07,0
2014/06/17,54.5,8232.74,0
2014/06/16,52.5,7059.58,0
2014/06/13,49.15,4155.88,0
2014/06/12,49,6089.96,0
2014/06/11,51,3840.23,0
2014/06/10,50,4475.47,0
2014/06/09,50.6,8500.74,0
2014/06/06,50.5,15693.5,0
2014/06/05,54,8712.9,0
2014/06/04,50.5,7586.37,0
2014/06/03,47.2,8528.75,0
2014/05/30,45.25,12841.9,0
2014/05/29,42.3,5652.15,0
2014/05/28,39.55,3298.7,0
2014/05/27,39,3640.86,0
2014/05/26,39,4663.62,0
2014/05/23,37.45,5241.41,0
2014/05/22,35.6,3411.7,0
2014/05/21,34.6,2179.19,0
2014/05/20,34.1,2490.03,0
2014/05/19,33.95,1418.57,0
2014/05/16,34.65,1907.12,0
2014/05/15,35.3,2860.63,0
2014/05/14,35.5,2182.23,0
2014/05/13,34.3,1563.12,0
2014/05/12,34.05,2261.12,0
2014/05/09,33.65,4882.46,0
2014/05/08,36.1,3154.11,0
2014/05/07,35,2470.06,0
2014/05/06,35.6,3745.01,0
2014/05/05,34.2,2745.27,0
2014/05/02,32,1644.45,0
2014/04/30,30.9,1802.08,0
2014/04/29,31.2,4472.99,0
2014/04/28,32.1,2682.29,0
2014/04/25,30,1816.18,0
2014/04/24,30.4,3939.81,0
2014/04/23,31.55,4747.32,0
2014/04/22,29.5,3233.07,0
2014/04/21,28.55,3071.28,0
2014/04/18,26.7,3485.9,0
2014/04/17,26.2,2894.57,0
2014/04/16,24.5,367.817,0
2014/04/15,24.65,373.759,0
2014/04/14,24.45,299.763,0
2014/04/11,24.75,414.734,0
2014/04/10,25.05,698.856,0
2014/04/09,24.7,726.213,0
2014/04/08,24.15,526.316,0
2014/04/07,24.2,578.282,0
2014/04/03,24.85,496.213,0
2014/04/02,24.7,766.432,0
2014/04/01,24.9,924.539,0
2014/03/31,23.85,740.761,0
2014/03/28,23.3,570.559,0
2014/03/27,23.3,448.137,0
2014/03/26,22.8,354.118,0
2014/03/25,23,440.966,0
2014/03/24,23,489.809,0
2014/03/21,23.35,1969.46,0
2014/03/20,24.2,375.844,0
2014/03/19,24.55,301.641,0
2014/03/18,24.45,336.394,0
2014/03/17,24.3,488.639,0
2014/03/14,24.4,423.377,0
2014/03/13,24.85,339.619,0
2014/03/12,24.6,226.272,0
2014/03/11,24.6,466.805,0
2014/03/10,24,907.019,0
2014/03/07,25,607.073,0
2014/03/06,25.4,634.287,0
2014/03/05,25.5,783.072,0
2014/03/04,26,680.624,0
2014/03/03,25.6,491.665,0
2014/02/27,25.65,586.987,0
2014/02/26,25.45,364.879,0
2014/02/25,25.55,376.748,0
2014/02/24,25.5,384.508,0
2014/02/21,25.55,820.268,0
2014/02/20,26.2,1226.49,0
2014/02/19,24.7,551.435,0
2014/02/18,25.2,387.301,0
2014/02/17,25.05,548.429,0
2014/02/14,25.4,853.745,0
2014/02/13,25.9,782.407,0
2014/02/12,26.7,1417.15,0
2014/02/11,25.75,554.24,0
2014/02/10,25.95,1199.39,0
2014/02/07,25.5,1390,0
2014/02/06,24.6,909.338,0
2014/02/05,23,1091.18,0
2014/01/27,23.6,1004.1,0
2014/01/24,23.7,549.083,0
2014/01/23,24.25,409.175,0
2014/01/22,24.4,542.471,0
2014/01/21,24.95,647.147,0
2014/01/20,24.5,709.29,0
2014/01/17,24.25,1134.54,0
2014/01/16,24.55,1882.14,0
2014/01/15,26.05,1476.02,0
2014/01/14,26.5,1373.26,0
2014/01/13,25.3,653.163,0
2014/01/10,24.8,1350.59,0
2014/01/09,25.6,2504.59,0
2014/01/08,26,2290.91,0
2014/01/07,24.4,1387.92,0
2014/01/06,24.05,1035.42,0
2014/01/03,24.05,1573.3,0
2014/01/02,23.3,918.413,0
2013/12/31,22,364.691,0
2013/12/30,22.05,491.097,0
2013/12/27,20.85,143.759,0
2013/12/26,20.8,121.332,0
2013/12/25,20.9,395.062,0
2013/12/24,20.4,289.895,0
2013/12/23,20.6,404.987,0
2013/12/20,20.4,656.75,0
2013/12/19,20,1323.05,0
2013/12/18,21,453.615,0
2013/12/17,21.4,454.046,0
2013/12/16,22,441.756,0
2013/12/13,21.6,623.681,0
2013/12/12,22.1,630.769,0
2013/12/11,22.9,918.583,0
2013/12/10,23,1157.17,0
2013/12/09,21.95,781.504,0
2013/12/06,21.2,410.043,0
2013/12/05,21.2,548.973,0
2013/12/04,21.15,352.137,0
2013/12/03,20.9,336.817,0
2013/12/02,21,319.676,0
2013/11/29,21.1,672.346,0
2013/11/28,20.4,579.062,0
2013/11/27,19.1,250.578,0
2013/11/26,19.4,408.067,0
2013/11/25,18.95,646.217,0
2013/11/22,20,423.555,0
2013/11/21,20.5,335.845,0
2013/11/20,20.9,705.436,0
2013/11/19,20.35,1061.56,0
2013/11/18,21.85,320.583,0
2013/11/15,21.3,271.346,0
2013/11/14,20.4,107.642,0
2013/11/13,20.4,163.8,0
2013/11/12,20,278.35,0
2013/11/11,20.35,277.766,0
2013/11/08,21.4,353.793,0
2013/11/07,21.15,545.995,0
2013/11/06,20.35,403.673,0
2013/11/05,19.85,483.636,0
2013/11/04,18.85,221.301,0
2013/11/01,18.9,142.01,0
2013/10/31,18.95,189.28,0
2013/10/30,18.9,209.239,0
2013/10/29,18.7,203.864,0
2013/10/28,18.3,151.454,0
2013/10/25,18.85,206.025,0
2013/10/24,19,210.643,0
2013/10/23,18.7,207.304,0
2013/10/22,18.75,169.169,0
2013/10/21,18.85,243.585,0
2013/10/18,18.65,181.948,0
2013/10/17,18.2,115.552,0
2013/10/16,18.15,119.448,0
2013/10/15,17.8,128.017,0
2013/10/14,16.9,274.661,0
2013/10/11,17.9,332.949,0
2013/10/09,18.1,373.426,0
2013/10/08,19.4,272.835,0
2013/10/07,19.55,369.962,0
2013/10/04,19,230.676,0
2013/10/03,18.45,509.009,0
2013/10/02,17.95,441.474,0
2013/10/01,16.8,182.752,0
2013/09/30,16.5,105.456,0
2013/09/27,16.15,74.4858,0
2013/09/26,16.05,101.394,0
2013/09/25,16.3,178.465,0
2013/09/24,16.5,302.988,0
2013/09/23,16.2,188.121,0
2013/09/18,16,134.985,0
2013/09/17,15.95,191.364,0
2013/09/16,15.8,111.846,0
2013/09/14,15.3,140.462,0
2013/09/13,15.55,132.386,0
2013/09/12,16,365.313,0
2013/09/11,15.15,112.57,0
2013/09/10,15,146.367,0
2013/09/09,14.85,169.651,0
2013/09/06,15.1,383.395,0
2013/09/05,14.4,210.076,0
2013/09/04,13.5,101.087,0
2013/09/03,13.1,88.3675,0
2013/09/02,12.65,46.7734,0
2013/08/30,12.2,30.7338,0
2013/08/29,11.95,15.0801,0
2013/08/28,11.85,50.6643,0
2013/08/27,12.15,31.6548,0
2013/08/26,12.35,33.3196,0
2013/08/23,12.15,36.2199,0
2013/08/22,12,59.3931,0
2013/08/20,12.05,86.7749,0
2013/08/19,12.6,58.852,0
2013/08/16,13,84.4029,0
2013/08/15,13.1,129.531,0
2013/08/14,13.05,361.367,0
2013/08/13,12.2,83.7965,0
2013/08/12,11.65,93.7448,0
2013/08/09,11,110.886,0
2013/08/08,11.05,132.563,0
2013/08/07,11.85,118.429,0
2013/08/06,12.4,103.855,0
2013/08/05,11.6,41.475,0
2013/08/02,10.85,185.898,0
2013/08/01,10.95,194.64,0
2013/07/31,11.25,184.4,0
2013/07/30,12.05,345.263,0
2013/07/29,11.65,109.909,0
2013/07/26,12.5,218.15,0
2013/07/25,13.4,168.488,0
2013/07/24,14.4,129.956,0
2013/07/23,14.2,164.647,0
2013/07/22,14.6,130.333,0
2013/07/19,14.35,58.6344,0
2013/07/18,14.05,147.995,0
2013/07/17,14.75,100.634,0
2013/07/16,14.6,124.809,0
2013/07/15,13.65,72.371,0
2013/07/12,13.6,139.766,0
2013/07/11,13.9,262.883,0
2013/07/10,13.6,360.005,0
2013/07/09,14.6,139.45,0
2013/07/08,15.15,233.681,0
2013/07/05,14.85,304.721,0
2013/07/04,15,315.89,0
2013/07/03,16.1,135.892,0
2013/07/02,16.4,180.32,0
2013/07/01,16.55,348.965,0
2013/06/28,15.65,400.309,0
2013/06/27,16.45,301.094,0
2013/06/26,16.45,264.468,0
2013/06/25,16,297.908,0
2013/06/24,16,340.454,0
2013/06/21,15.5,319.259,0
2013/06/20,15.1,334.047,0
2013/06/19,15.85,231.812,0
2013/06/18,14.85,364.789,0
2013/06/17,14.85,321.639,0
2013/06/14,13.9,200.145,0
2013/06/13,13.25,183.034,0
2013/06/11,14.2,241.741,0
2013/06/10,13.35,154.499,0
2013/06/07,12.5,196.754,0
2013/06/06,13.2,128.247,0
2013/06/05,13.4,120.439,0
2013/06/04,12.95,144.141,0
2013/06/03,13.05,329.727,0
2013/05/31,12.75,413.555,0
2013/05/30,11.95,280.214,0
2013/05/29,11.2,142.078,0
2013/05/28,10.5,84.0886,0
2013/05/27,10.45,60.0181,0
2013/05/24,10.25,56.9796,0
2013/05/23,10.15,71.1637,0
2013/05/22,10.05,72.3339,0
2013/05/21,10.6,52.346,0
2013/05/20,10.6,46.1363,0
2013/05/17,10.6,67.1539,0
2013/05/16,10.5,100.035,0
2013/05/15,11,165.946,0
2013/05/14,10.5,106.221,0
2013/05/13,9.85,141.544,0
2013/05/10,9.5,202.261,0
2013/05/09,10.2,260.783,0
2013/05/08,10.85,169.963,0
2013/05/07,11.6,122.591,0
2013/05/06,11.7,89.7303,0
2013/05/03,11.6,91.5731,0
2013/05/02,11.35,120.896,0
2013/04/30,11.6,155.83,0
2013/04/29,11.75,228.386,0
2013/04/26,11,216.347,0
2013/04/25,10.95,223.105,0
2013/04/24,10.3,299.922,0
2013/04/23,11.05,227.241,0
2013/04/22,11.85,206.276,0
2013/04/19,11.1,133.764,0
2013/04/18,10.65,85.5044,0
2013/04/17,10,93.8452,0
2013/04/16,9.98,119.259,0
2013/04/15,10.2,92.1328,0
2013/04/12,9.82,74.6831,0
2013/04/11,10,104.664,0
2013/04/10,9.7,73.5476,0
2013/04/09,9.7,121.929,0
2013/04/08,9.42,146.864,0
2013/04/03,8.97,77.6316,0
2013/04/02,8.39,127.27,0
2013/04/01,9.02,196.158,0
2013/03/29,8.99,177.596,0
2013/03/28,8.43,148.543,0
2013/03/27,8.33,139.337,0
2013/03/26,7.83,87.5478,0
2013/03/25,7.53,71.6114,0
2013/03/22,7.24,52.1503,0
2013/03/21,7.22,62.0275,0
2013/03/20,7.21,106.435,0
2013/03/19,6.92,41.1834,0
2013/03/18,6.52,61.4407,0
2013/03/15,6.65,78.3551,0
2013/03/14,6.8,54.3848,0
2013/03/13,6.76,62.9415,0
2013/03/12,6.76,46.1836,0
2013/03/11,6.7,66.4422,0
2013/03/08,6.96,59.1538,0
2013/03/07,6.69,41.9925,0
2013/03/06,6.34,100.571,0
2013/03/05,6.51,98.6328,0
2013/03/04,7,91.5074,0
2013/03/01,6.64,63.7764,0
2013/02/27,6.34,67.5148,0
2013/02/26,6.21,33.0297,0
2013/02/25,6.19,34.0514,0
2013/02/23,6.16,84.5108,0
2013/02/22,6,31.9484,0
2013/02/21,5.94,65.6956,0
2013/02/20,6.02,93.1923,0
2013/02/19,5.63,63.786,0
2013/02/18,5.35,38.7699,0
2013/02/06,5.17,36.2513,0
2013/02/05,5.15,19.0542,0
2013/02/04,5.1,38.7363,0
2013/02/01,4.92,30.9072,0
2013/01/31,4.95,47.8379,0
2013/01/30,5.08,58.7207,0
2013/01/29,5.1,88.2165,0
2013/01/28,4.97,56.6401,0
2013/01/25,4.78,51.1769,0
2013/01/24,4.79,35.0712,0
2013/01/23,4.49,12.3048,0
2013/01/22,4.5,16.5293,0
2013/01/21,4.3,26.1172,0
2013/01/18,4.54,33.8666,0
2013/01/17,4.36,32.578,0
2013/01/16,4.68,26.5322,0
2013/01/15,4.67,45.9088,0
2013/01/14,4.67,54.2798,0
2013/01/11,4.67,70.5676,0
2013/01/10,4.37,47.6487,0
2013/01/09,4.09,32.8678,0
2013/01/08,3.98,10.6682,0
2013/01/07,3.82,8.93017,0
2013/01/04,3.86,6.86459,0
2013/01/03,3.84,11.5306,0
2013/01/02,3.88,19.2625,0
2012/12/28,3.87,9.41336,0
2012/12/27,3.85,11.0567,0
2012/12/26,3.8,8.18335,0
2012/12/25,3.92,10.4018,0
2012/12/24,3.98,19.7272,0
2012/12/22,3.75,21.2994,0
2012/12/21,3.74,28.5116,0
2012/12/20,4.02,37.3944,0
2012/12/19,3.86,15.7797,0
2012/12/18,3.92,65.829,0
2012/12/17,3.81,58.8879,0
2012/12/14,3.57,59.2908,0
2012/12/13,3.34,30.0078,0
2012/12/12,3.13,29.9109,0
2012/12/11,3.02,33.1143,0
2012/12/10,3.24,87.6729,0
2012/12/07,3.03,14.2894,0
2012/12/06,2.84,35.6413,0
2012/12/05,2.66,26.5451,0
2012/12/04,2.49,29.1615,0
2012/12/03,2.33,39.7078,0
2012/11/30,2.18,234.975,0
2012/11/29,2.27,18.4944,0
2012/11/28,2.25,13.5122,0
2012/11/27,2.19,17.3431,0
2012/11/26,2.35,7.06363,0
2012/11/23,2.2,11.614,0
2012/11/22,2.23,14.5284,0
2012/11/21,2.09,26.2641,0
2012/11/20,2.11,13.7058,0
2012/11/19,2.26,26.9179,0
2012/11/16,2.42,25.3106,0
2012/11/15,2.6,41.9063,0
2012/11/14,2.63,18.3372,0
2012/11/13,2.82,13.6441,0
2012/11/12,2.95,11.4804,0
2012/11/09,2.89,14.3818,0
2012/11/08,2.94,30.9652,0
2012/11/07,2.9,74.9468,0
2012/11/06,3,14.2587,0
2012/11/05,3.22,5.93221,0
2012/11/02,3.46,43.8958,0
2012/11/01,3.71,61.8406,0
2012/10/31,3.97,31.4961,0
2012/10/30,3.94,21.4302,0
2012/10/29,3.94,26.4846,0
2012/10/26,4.08,44.8274,0
2012/10/25,4.16,34.7818,0
2012/10/24,4.3,33.9704,0
2012/10/23,4.24,49.8234,0
2012/10/22,4.24,41.3724,0
2012/10/19,3.97,22.3532,0
2012/10/18,4.09,9.09099,0
2012/10/17,4.07,21.4197,0
2012/10/16,4.03,15.7255,0
2012/10/15,4.02,21.1589,0
2012/10/12,4.13,51.6924,0
2012/10/11,4.22,46.4498,0
2012/10/09,4.53,27.0544,0
2012/10/08,4.68,19.8853,0
2012/10/05,4.68,48.4233,0
2012/10/04,4.86,22.7585,0
2012/10/03,4.88,25.1012,0
2012/10/02,4.91,25.3567,0
2012/10/01,4.97,27.1953,0
2012/09/28,5.06,40.5411,0
2012/09/27,4.98,31.8518,0
2012/09/26,5.01,39.3882,0
2012/09/25,5.22,33.8208,0
2012/09/24,5.17,42.8745,0
2012/09/21,5.24,53.4545,0
2012/09/20,5.08,50.3258,0
2012/09/19,5.21,101.197,0
2012/09/18,4.87,46.7365,0
2012/09/17,4.96,44.2532,0
2012/09/14,5.02,46.7001,0
2012/09/13,4.97,34.2096,0
2012/09/12,5.04,30.8964,0
2012/09/11,5.11,21.5559,0
2012/09/10,5.08,26.9206,0
2012/09/07,5.03,33.1209,0
2012/09/06,4.93,30.926,0
2012/09/05,5,30.8212,0
2012/09/04,5.01,34.3697,0
2012/09/03,5.06,38.4742,0
2012/08/31,5.13,22.922,0
2012/08/30,5.17,42.3941,0
2012/08/29,5.33,47.5907,0
2012/08/28,5.44,67.2367,0
2012/08/27,5.09,29.3263,0
2012/08/24,5.14,52.5178,0
2012/08/23,5.38,31.5514,0
2012/08/22,5.48,15.4349,0
2012/08/21,5.55,35.1639,0
2012/08/20,5.38,27.1199,0
2012/08/17,5.56,21.2845,0
2012/08/16,5.6,21.9188,0
2012/08/15,5.68,26.5095,0
2012/08/14,5.57,37.5051,0
2012/08/13,5.64,30.1668,0
2012/08/10,5.7,24.9261,0
2012/08/09,5.75,44.7729,0
2012/08/08,5.62,30.657,0
2012/08/07,5.54,37.3884,0
2012/08/06,5.38,43.1224,0
2012/08/03,5.48,47.5192,0
2012/08/01,5.79,49.8628,0
2012/07/31,5.69,82.2018,0
2012/07/30,5.32,57.6443,0
2012/07/27,5.21,73.2195,0
2012/07/26,4.87,38.7877,0
2012/07/25,5.08,44.6388,0
2012/07/24,5.12,56.6309,0
2012/07/23,5.22,49.8878,0
2012/07/20,5.51,45.9873,0
2012/07/19,5.42,64.8675,0
2012/07/18,5.53,78.4446,0
2012/07/17,5.94,67.0107,0
2012/07/16,6.18,51.4166,0
2012/07/13,6.64,21.7592,0
2012/07/12,6.65,46.4499,0
2012/07/11,6.85,18.7001,0
2012/07/10,6.88,18.069,0
2012/07/09,6.91,46.2696,0
2012/07/06,7.02,32.9795,0
2012/07/05,7.08,56.0773,0
2012/07/04,7.34,57.7058,0
2012/07/03,7.3,69.5823,0
2012/07/02,7.08,48.6591,0
2012/06/29,6.87,62.0965,0
2012/06/28,6.85,33.6745,0
2012/06/27,6.86,30.2045,0
2012/06/26,6.95,23.7898,0
2012/06/25,6.95,44.8916,0
2012/06/22,7.1,32.163,0
2012/06/21,7.22,26.354,0
2012/06/20,7.31,33.9893,0
2012/06/19,7.3,19.1338,0
2012/06/18,7.38,38.6861,0
2012/06/15,7.29,31.1446,0
2012/06/14,7.24,21.9378,0
2012/06/13,7.27,26.8134,0
2012/06/12,7.32,23.1085,0
2012/06/11,7.4,38.9169,0
2012/06/08,7.24,48.3738,0
2012/06/07,7.2,41.8051,0
2012/06/06,7.22,63.76,0
2012/06/05,7.28,68.0018,0
2012/06/04,6.81,69.3785,0
2012/06/01,7.32,64.3319,0
2012/05/31,7.68,85.0344,0
2012/05/30,7.57,73.8281,0
2012/05/29,7.65,68.3917,0
2012/05/28,7.15,25.0524,0
2012/05/25,7.03,27.5189,0
2012/05/24,7.02,65.0814,0
2012/05/23,7.1,74.5448,0
2012/05/22,7.46,42.2696,0
2012/05/21,7.18,91.7334,0
2012/05/18,7.42,148.023,0
2012/05/17,7.97,81.29,0
2012/05/16,7.92,86.3937,0
2012/05/15,8.4,73.301,0
2012/05/14,8.1,73.5894,0
2012/05/11,8.49,125.332,0
2012/05/10,8.73,164.673,0
2012/05/09,8.39,136.147,0
2012/05/08,8.63,199.13,0
2012/05/07,8.65,154.586,0
2012/05/04,8.31,132.236,0
2012/05/03,8,69.7556,0
2012/05/02,7.81,82.0239,0
2012/04/30,7.68,68.0642,0
2012/04/27,7.4,64.4906,0
2012/04/26,7.41,88.8164,0
2012/04/25,7.5,155.119,0
2012/04/24,7.01,92.3077,0
2012/04/23,6.56,151.841,0
2012/04/20,7.05,167.67,0
2012/04/19,7.57,126.556,0
2012/04/18,7.92,84.1278,0
2012/04/17,8.03,80.7121,0
2012/04/16,8.3,69.5416,0
2012/04/13,8.24,109.139,0
2012/04/12,7.91,70.3142,0
2012/04/11,7.81,58.6132,0
2012/04/10,7.98,79.7656,0
2012/04/09,7.8,73.365,0
2012/04/06,7.89,115.553,0
2012/04/05,7.57,258.866,0
2012/04/03,8.1,221.714,0
2012/04/02,8.65,126.912,0
2012/03/30,8.74,156.466,0
2012/03/29,8.4,190.886,0
2012/03/28,8.38,100.829,0
2012/03/27,8.39,114.443,0
2012/03/26,8.36,149.282,0
2012/03/23,8,75.2071,0
2012/03/22,7.91,58.1562,0
2012/03/21,7.89,94.4834,0
2012/03/20,7.75,103.983,0
2012/03/19,8.01,122.208,0
2012/03/16,8.3,75.3793,0
2012/03/15,8.29,96.4934,0
2012/03/14,8.31,115.626,0
2012/03/13,8.11,90.0343,0
2012/03/12,8.11,120.541,0
2012/03/09,8.4,166.826,0
2012/03/08,7.94,114.434,0
2012/03/07,7.84,190.468,0
2012/03/06,8.24,254.354,0
2012/03/05,8.85,210.112,0
2012/03/03,8.95,206.937,0
2012/03/02,9.04,699.959,0
2012/03/01,8.6,151.647,0
2012/02/29,8.04,53.6524,0
2012/02/24,7.52,165.645,0
2012/02/23,7.74,268.191,0
2012/02/22,7.4,214.996,0
2012/02/21,7.72,452.252,0
2012/02/20,7.66,338.082,0
2012/02/17,7.16,313.851,0
2012/02/16,6.7,602.89,0
2012/02/15,7.1,188.664,0
2012/02/14,6.64,191.94,0
2012/02/13,6.21,91.4205,0
2012/02/10,6.03,92.6789,0
2012/02/09,5.99,71.017,0
2012/02/08,5.96,81.4977,0
2012/02/07,5.82,87.2329,0
2012/02/06,5.95,116.054,0
2012/02/04,6.29,148.285,0
2012/02/03,6.03,132.254,0
2012/02/02,5.86,197.74,0
2012/02/01,5.48,97.9313,0
2012/01/31,5.45,98.9989,0
2012/01/30,5.43,120.742,0
2012/01/18,5.33,108.271,0
2012/01/17,5.04,46.1221,0
2012/01/16,4.86,36.9118,0
2012/01/13,4.93,49.1671,0
2012/01/12,4.87,40.2802,0
2012/01/11,4.95,48.9866,0
2012/01/10,4.97,41.9808,0
2012/01/09,4.92,69.9351,0
2012/01/06,5.06,81.8369,0
2012/01/05,5.3,61.8025,0
2012/01/04,5.38,92.2153,0
2012/01/03,5.21,77.1812,0
2012/01/02,5.01,44.2603,0
2011/12/30,5,99.3416,0
2011/12/29,5.17,108.065,0
2011/12/28,5.14,197.659,0
2011/12/27,4.81,104.782,0
2011/12/26,4.5,79.4524,0
2011/12/23,4.56,37.9802,0
2011/12/22,4.27,43.2995,0
2011/12/21,4.41,56.3913,0
2011/12/20,4.17,36.4351,0
2011/12/19,4.15,43.477,0
2011/12/16,4.14,47.8103,0
2011/12/15,4.31,89.8774,0
2011/12/14,4.38,57.5994,0
2011/12/13,4.1,27.0489,0
2011/12/12,4.11,35.3008,0
2011/12/09,4.02,34.4431,0
2011/12/08,4.04,56.9835,0
2011/12/07,4.18,41.8324,0
2011/12/06,4.02,26.2584,0
2011/12/05,4.15,38.6426,0
2011/12/02,4.12,45.6657,0
2011/12/01,4.12,59.5079,0
2011/11/30,4.12,58.5154,0
2011/11/29,4.01,66.389,0
2011/11/28,4.19,70.0964,0
2011/11/25,4.14,71.803,0
2011/11/24,3.97,37.6042,0
2011/11/23,3.89,70.7511,0
2011/11/22,3.85,69.4723,0
2011/11/21,4.05,39.3687,0
2011/11/18,4.35,106.169,0
2011/11/17,4.47,172.763,0
2011/11/16,4.18,103.597,0
2011/11/15,3.91,79.2639,0
2011/11/14,4.08,125.455,0
2011/11/11,4,113.65,0
2011/11/10,4.12,96.0331,0
2011/11/09,4.43,103.34,0
2011/11/08,4.34,47.9449,0
2011/11/07,4.35,112.696,0
2011/11/04,4.61,165.15,0
2011/11/03,4.32,60.5962,0
2011/11/02,4.59,95.649,0
2011/11/01,4.43,69.0731,0
2011/10/31,4.49,121.911,0
2011/10/28,4.8,95.3548,0
2011/10/27,4.89,108.057,0
2011/10/26,4.68,140.206,0
2011/10/25,5,66.8824,0
2011/10/24,5.04,180.708,0
2011/10/21,5.4,126.005,0
2011/10/20,5.8,74.1451,0
2011/10/19,6.16,27.6049,0
2011/10/18,6.14,34.3461,0
2011/10/17,6.3,30.5028,0
2011/10/14,6.28,37.3185,0
2011/10/13,6.22,58.7209,0
2011/10/12,6.36,55.7466,0
2011/10/11,6.41,34.2606,0
2011/10/07,6.35,38.4857,0
2011/10/06,6.22,59.6787,0
2011/10/05,6.21,37.7256,0
2011/10/04,6.37,83.544,0
2011/10/03,6.18,102.671,0
2011/09/30,6.64,113.46,0
2011/09/29,6.93,84.9551,0
2011/09/28,6.79,72.8165,0
2011/09/27,6.72,90.2289,0
2011/09/26,6.6,138.171,0
2011/09/23,6.66,138.714,0
2011/09/22,7,202.037,0
2011/09/21,7.5,172.575,0
2011/09/20,7.58,286.211,0
2011/09/19,7.1,96.7817,0
2011/09/16,7.07,166.672,0
2011/09/15,7.15,274.102,0
2011/09/14,6.82,407.278,0
2011/09/13,6.86,378.219,0
2011/09/09,6.43,226.295,0
2011/09/08,6.01,135.239,0
2011/09/07,6.26,74.5357,0
2011/09/06,6.02,169.042,0
2011/09/05,5.92,141.804,0
2011/09/02,6.16,153.454,0
2011/09/01,6.22,231.473,0
2011/08/31,6.68,171.035,0
2011/08/30,6.6,255.961,0
2011/08/29,6.42,153.769,0
2011/08/26,6,112.864,0
2011/08/25,6.15,179.237,0
2011/08/24,5.96,152.234,0
2011/08/23,5.66,79.734,0
2011/08/22,5.29,82.2951,0
2011/08/19,5.51,105.943,0
2011/08/18,5.92,96.8213,0
2011/08/17,6.18,76.0962,0
2011/08/16,6.14,64.6392,0
2011/08/15,6.2,67.9065,0
2011/08/12,6.11,130.239,0
2011/08/11,6.18,122.832,0
2011/08/10,6.14,156.466,0
2011/08/09,5.92,227.776,0
2011/08/08,6.36,111.993,0
2011/08/05,6.83,141.67,0
2011/08/04,7.34,96.7525,0
2011/08/03,7.64,138.525,0
2011/08/02,7.55,100.966,0
2011/08/01,7.86,118.374,0
2011/07/29,7.83,149.192,0
2011/07/28,7.91,124.388,0
2011/07/27,8.03,171.603,0
2011/07/26,8.23,303.487,0
2011/07/25,7.83,220.302,0
2011/07/22,7.8,336.251,0
2011/07/21,7.46,255.473,0
2011/07/20,7.32,500.382,0
2011/07/19,7.59,171.301,0
2011/07/18,7.74,92.0664,0
2011/07/15,8.07,179.105,0
2011/07/14,7.65,183.711,0
2011/07/13,7.65,233.716,0
2011/07/12,8.08,220.342,0
2011/07/11,8.68,100.918,0
2011/07/08,8.92,142.156,0
2011/07/07,9.01,179.706,0
2011/07/06,9.04,232.034,0
2011/07/05,8.89,214.102,0
2011/07/04,9.33,205.137,0
2011/07/01,8.72,134.471,0
2011/06/30,8.85,193.318,0
2011/06/29,8.91,197.514,0
2011/06/28,9.23,219.747,0
2011/06/27,8.95,218.341,0
2011/06/24,9.29,343.811,0
2011/06/23,9.98,83.6356,0
2011/06/22,10.1,125.776,0
2011/06/21,10,119.952,0
2011/06/20,9.96,243.128,0
2011/06/17,9.98,388.355,0
2011/06/16,10.7,99.9356,0
2011/06/15,11.1,254.38,0
2011/06/14,11.3,164.76,0
2011/06/13,11.35,245.899,0
2011/06/10,12.05,105.133,0
2011/06/09,12.25,165.935,0
2011/06/08,12.3,239.441,0
2011/06/07,12.35,75.3656,0
2011/06/03,12.45,57.8261,0
2011/06/02,12.4,74.9095,0
2011/06/01,12.6,185.547,0
2011/05/31,12.65,140.713,0
2011/05/30,12.3,115.862,0
2011/05/27,12.6,159.817,0
2011/05/26,12.4,94.8147,0
2011/05/25,12.45,176.148,0
2011/05/24,12.45,187.096,0
2011/05/23,12.9,111.62,0
2011/05/20,13.25,64.7265,0
2011/05/19,13.4,181.986,0
2011/05/18,13,128.959,0
2011/05/17,12.95,208.94,0
2011/05/16,13.45,68.343,0
2011/05/13,13.4,172.311,0
2011/05/12,13.75,164.748,0
2011/05/11,13.75,76.3775,0
2011/05/10,14.05,150.687,0
2011/05/09,14.2,143.46,0
2011/05/06,13.9,70.9838,0
2011/05/05,14.05,120.51,0
2011/05/04,14.15,259.895,0
2011/05/03,13.6,261.448,0
2011/04/29,14.35,83.3827,0
2011/04/28,14.5,142.56,0
2011/04/27,14.85,191.906,0
2011/04/26,14.8,157.679,0
2011/04/25,14.85,74.8721,0
2011/04/22,15.15,171.913,0
2011/04/21,14.8,319.698,0
2011/04/20,15.1,403.781,0
2011/04/19,14.55,321.195,0
2011/04/18,14.1,68.5699,0
2011/04/15,14.25,134.954,0
2011/04/14,14.55,128.021,0
2011/04/13,14.65,177.635,0
2011/04/12,14.8,223.81,0
2011/04/11,15.1,93.0348,0
2011/04/08,15.1,182.585,0
2011/04/07,15.15,404.734,0
2011/04/06,15.15,130.31,0
2011/04/01,15.15,83.9218,0
2011/03/31,15,196.212,0
2011/03/30,15.4,190.064,0
2011/03/29,15.2,199.619,0
2011/03/28,15.2,258.144,0
2011/03/25,15.1,649.203,0
2011/03/24,14.9,440.418,0
2011/03/23,13.95,275.366,0
2011/03/22,14.35,285.321,0
2011/03/21,14.4,347.051,0
2011/03/18,13.7,276.757,0
2011/03/17,13.1,459.075,0
2011/03/16,13.85,420.263,0
2011/03/15,14,621.27,0
2011/03/14,15,566.247,0
2011/03/11,14.35,238.525,0
2011/03/10,14.75,443.096,0
2011/03/09,15.65,314.972,0
2011/03/08,15.6,195.118,0
2011/03/07,15.4,199.985,0
2011/03/04,15.4,274.274,0
2011/03/03,15.4,291.337,0
2011/03/02,15.1,304.689,0
2011/03/01,15.35,369.537,0
2011/02/25,15.6,426.341,0
2011/02/24,15.6,353.351,0
2011/02/23,15.35,563.371,0
2011/02/22,16.4,466.161,0
2011/02/21,17.55,207.241,0
2011/02/18,17.7,203.919,0
2011/02/17,17.6,305.173,0
2011/02/16,18.05,863.687,0
2011/02/15,17.35,275,0
2011/02/14,16.8,324.967,0
2011/02/11,16.7,486.93,0
2011/02/10,17.75,554.365,0
2011/02/09,17.15,518.141,0
2011/02/08,17.7,629.382,0
2011/01/28,18.4,1204.63,0
2011/01/27,18.3,808.014,0
2011/01/26,18.45,1699.1,0
2011/01/25,17.75,1109.93,0
2011/01/24,16.6,410.024,0
2011/01/21,16.95,815.404,0
2011/01/20,16.8,365.863,0
2011/01/19,17.1,661.386,0
2011/01/18,16.6,819.147,0
2011/01/17,16.2,240.138,0
2011/01/14,16.2,452.773,0
2011/01/13,16.25,851.449,0
2011/01/12,16.05,441.849,0
2011/01/11,16.3,512.159,0
2011/01/10,16.15,423.603,0
2011/01/07,16.1,1525.79,0
2011/01/06,15.55,609.158,0
2011/01/05,14.55,523.823,0
2011/01/04,15,352.195,0
2011/01/03,14.05,127.365,0
2010/12/31,13.95,116.773,0
2010/12/30,14,171.355,0
2010/12/29,14.1,96.0362,0
2010/12/28,14.3,212.587,0
2010/12/27,14.05,111.508,0
2010/12/24,14.15,144.141,0
2010/12/23,14.5,218.68,0
2010/12/22,14.35,180.152,0
2010/12/21,14.1,71.5491,0
2010/12/20,14,93.9893,0
2010/12/17,14,153.864,0
2010/12/16,13.95,147.9,0
2010/12/15,14.2,148.394,0
2010/12/14,14.6,193.277,0
2010/12/13,14.55,154.66,0
2010/12/10,14.75,548.767,0
2010/12/09,14.05,134.613,0
2010/12/08,13.8,242.021,0
2010/12/07,14.3,246.678,0
2010/12/06,14.15,292.492,0
2010/12/03,14.4,615.69,0
2010/12/02,13.5,104.537,0
2010/12/01,13.45,92.7442,0
2010/11/30,13.35,148.23,0
2010/11/29,13.35,120.476,0
2010/11/26,13.5,101.868,0
2010/11/25,13.9,166.194,0
2010/11/24,13.7,304.022,0
2010/11/23,13.6,253.131,0
2010/11/22,13.1,69.604,0
2010/11/19,12.95,110.272,0
2010/11/18,12.8,112.338,0
2010/11/17,12.8,206.926,0
2010/11/16,12.95,329.188,0
2010/11/15,13.65,94.943,0
2010/11/12,13.8,106.333,0
2010/11/11,14.05,85.6605,0
2010/11/10,14.2,93.4365,0
2010/11/09,14.15,67.0295,0
2010/11/08,14.1,133.173,0
2010/11/05,14.35,188.541,0
2010/11/04,14.4,316.109,0
2010/11/03,13.8,267.09,0
2010/11/02,13.95,516.571,0
2010/11/01,14.6,242.064,0
2010/10/29,15,102.04,0
2010/10/28,15.15,254.045,0
2010/10/27,14.9,141.505,0
2010/10/26,14.9,110.745,0
2010/10/25,14.85,186.313,0
2010/10/22,14.65,345.075,0
2010/10/21,15,258.859,0
2010/10/20,15.4,214.21,0
2010/10/19,15.1,162.958,0
2010/10/18,15.05,263.157,0
2010/10/15,15.4,297.843,0
2010/10/14,15.85,241.413,0
2010/10/13,15.9,215.835,0
2010/10/12,15.9,215.234,0
2010/10/11,16,195.135,0
2010/10/08,16.3,145.778,0
2010/10/07,16.45,286.837,0
2010/10/06,16.2,333.357,0
2010/10/05,16.35,477.632,0
2010/10/04,16.4,587.568,0
2010/10/01,17.4,338.489,0
2010/09/30,17.5,792.216,0
2010/09/29,17.25,662.182,0
2010/09/28,16.4,154.483,0
2010/09/27,16.6,296.476,0
2010/09/24,16.2,95.6166,0
2010/09/23,16.15,100.006,0
2010/09/21,16.1,328.558,0
2010/09/20,15.8,285.769,0
2010/09/17,16.25,175.601,0
2010/09/16,16.45,109.766,0
2010/09/15,16.75,164.907,0
2010/09/14,16.9,147.291,0
2010/09/13,17,179.334,0
2010/09/10,16.7,188.953,0
2010/09/09,16.15,161.999,0
2010/09/08,16.2,274.432,0
2010/09/07,16.75,318.991,0
2010/09/06,17.5,531.558,0
2010/09/03,16.7,273.681,0
2010/09/02,15.65,106.173,0
2010/09/01,15.5,151.13,0
2010/08/31,15.45,274.074,0
2010/08/30,16.1,159.437,0
2010/08/27,16.2,192.463,0
2010/08/26,16.45,177.015,0
2010/08/25,16.6,250.57,0
2010/08/24,17.2,120.559,0
2010/08/23,17.15,210.231,0
2010/08/20,17.5,114.755,0
2010/08/19,17.6,134.985,0
2010/08/18,17.5,229.426,0
2010/08/17,17.6,225.78,0
2010/08/16,17.9,278.47,0
2010/08/13,18.2,714.732,0
2010/08/12,17.6,472.588,0
2010/08/11,17.85,471.276,0
2010/08/10,17.25,181.412,0
2010/08/09,17.5,313.978,0
2010/08/06,17.2,154.57,0
2010/08/05,17.15,231.596,0
2010/08/04,16.85,245.539,0
2010/08/03,17.1,289.729,0
2010/08/02,17.05,197.391,0
2010/07/30,16.9,186.785,0
2010/07/29,17.05,214.259,0
2010/07/28,17.25,536.775,0
2010/07/27,16.8,424.831,0
2010/07/26,17.05,417.441,0
2010/07/23,17.4,372.15,0
2010/07/22,17.6,430.338,0
2010/07/21,18.2,183.76,0
2010/07/20,18.3,144.665,0
2010/07/19,18,164.678,0
2010/07/16,17.9,295.489,0
2010/07/15,18.3,125.61,0
2010/07/14,18.4,197.451,0
2010/07/13,18.25,192.723,0
2010/07/12,18.5,298.902,0
2010/07/09,18.45,204.243,0
2010/07/08,18.7,341.054,0
2010/07/07,18.2,213.412,0
2010/07/06,18.25,252.88,0
2010/07/05,18.3,180.097,0
2010/07/02,17.9,399.316,0
2010/07/01,17.7,472.773,0
2010/06/30,18.05,464.126,0
2010/06/29,18.95,629.958,0
2010/06/28,19.95,262.119,0
2010/06/25,19.8,332.389,0
2010/06/24,20.2,133.727,0
2010/06/23,20.3,150.159,0
2010/06/22,20.35,129.616,0
2010/06/21,20.7,260.559,0
2010/06/18,20.45,304.927,0
2010/06/17,20.45,648.455,0
2010/06/15,19.45,273.326,0
2010/06/14,19.1,132.434,0
2010/06/11,19.2,274.461,0
2010/06/10,18.9,197.775,0
2010/06/09,18.8,226.411,0
2010/06/08,19.05,230.679,0
2010/06/07,19.2,278.312,0
2010/06/04,19.25,298.904,0
2010/06/03,19.15,362.264,0
2010/06/02,18.6,355.982,0
2010/06/01,18.65,345.124,0
2010/05/31,19.15,531.527,0
2010/05/28,18.9,795.736,0
2010/05/27,19.15,556.585,0
2010/05/26,18.65,628.948,0
2010/05/25,18.2,617.425,0
2010/05/24,18.5,540.353,0
2010/05/21,17.75,840.847,0
2010/05/20,18.1,802.976,0
2010/05/19,17.9,1808.13,0
2010/05/18,19.2,953.745,0
2010/05/17,20.3,443.591,0
2010/05/14,21.75,128.676,0
2010/05/13,21.95,466.212,0
2010/05/12,21.2,295.93,0
2010/05/11,21.6,649.787,0
2010/05/10,21.75,445.285,0
2010/05/07,20.35,510.248,0
2010/05/06,20.3,417.613,0
2010/05/05,20.7,548.239,0
2010/05/04,21.95,343.126,0
2010/05/03,21.95,405.967,0
2010/04/30,22.35,249.044,0
2010/04/29,22.4,315.824,0
2010/04/28,22.8,426.62,0
2010/04/27,22.7,524.901,0
2010/04/26,23.4,357.018,0
2010/04/23,23.5,458.318,0
2010/04/22,23.65,844.215,0
2010/04/21,23.2,706.99,0
2010/04/20,22.25,747.63,0
2010/04/19,22.1,1260.75,0
2010/04/16,22.9,1218.73,0
2010/04/15,23.6,853.286,0
2010/04/14,23.8,1173.2,0
2010/04/13,24.4,492.472,0
2010/04/12,25.1,681.685,0
2010/04/09,24.3,633.565,0
2010/04/08,24.75,736.48,0
2010/04/07,25.35,747.727,0
2010/04/06,25.8,681.364,0
2010/04/02,25.7,742.119,0
2010/04/01,26,1182.24,0
2010/03/31,25.6,428.48,0
2010/03/30,25.7,835.604,0
2010/03/29,25.4,741.678,0
2010/03/26,25.35,722.885,0
2010/03/25,25.45,590.809,0
2010/03/24,25,485.089,0
2010/03/23,25.4,461.986,0
2010/03/22,25.1,574.62,0
2010/03/19,25.65,678.366,0
2010/03/18,25.95,1495.38,0
2010/03/17,25.2,1328.84,0
2010/03/16,25.1,760.073,0
2010/03/15,24.2,386.22,0
2010/03/12,24.75,377.895,0
2010/03/11,24.85,1171.13,0
2010/03/10,24.65,492.993,0
2010/03/09,24.35,784.669,0
2010/03/08,24.55,1318.88,0
2010/03/05,23.5,265.488,0
2010/03/04,23.3,440.087,0
2010/03/03,23.4,593.725,0
2010/03/02,23.65,1147.19,0
2010/03/01,23.55,857.001,0
2010/02/26,22.05,256.243,0
2010/02/25,22.15,526.687,0
2010/02/24,22.9,725.866,0
2010/02/23,23,449.436,0
2010/02/22,23.2,868.152,0
2010/02/10,22.85,1231.24,0
2010/02/09,21.7,464.384,0
2010/02/08,21,233.927,0
2010/02/06,20.85,699.307,0
2010/02/05,21.55,1070.81,0
2010/02/04,23.15,654.832,0
2010/02/03,22.8,681.539,0
2010/02/02,22.5,1200.1,0
2010/02/01,23,660.39,0
2010/01/29,23.05,854.781,0
2010/01/28,23.6,915.674,0
2010/01/27,23.45,977.451,0
2010/01/26,23.2,1149.4,0
2010/01/25,24.35,541.013,0
2010/01/22,24.85,1074.65,0
2010/01/21,24.6,994.617,0
2010/01/20,25.9,783.745,0
2010/01/19,25.85,1504.44,0
2010/01/18,27.6,684.634,0
2010/01/15,28.2,1664.43,0
2010/01/14,27.25,1040.44,0
2010/01/13,27.05,1877.7,0
2010/01/12,27.7,1822.7,0
2010/01/11,27.3,1219.96,0
2010/01/08,27.45,1261.82,0
2010/01/07,27.65,2004.03,0
2010/01/06,28.2,2561.18,0
2010/01/05,26.8,2701.32,0
2010/01/04,26.3,1392.76,0
2009/12/31,26.95,2615.9,0
2009/12/30,25.75,1539.09,0
2009/12/29,26,3209.74,0
2009/12/28,25.5,2627.02,0
2009/12/25,25.3,3447.98,0
2009/12/24,24.05,1645.74,0
2009/12/23,22.5,2288.61,0
2009/12/22,21.3,493.398,0
2009/12/21,20.9,387.398,0
2009/12/18,20.5,229.048,0
2009/12/17,20.55,353.631,0
2009/12/16,20.8,304.702,0
2009/12/15,20.8,335.408,0
2009/12/14,20.9,251.004,0
2009/12/11,21.1,399.682,0
2009/12/10,20.5,539.854,0
2009/12/09,21.3,693.202,0
2009/12/08,21.55,1107.65,0
2009/12/07,21,681.729,0
2009/12/04,20.2,402.001,0
2009/12/03,20.2,635.491,0
2009/12/02,20.15,655.403,0
2009/12/01,19.1,330.822,0
2009/11/30,19.25,630.359,0
2009/11/27,19.2,832.663,0
2009/11/26,20.5,413.581,0
2009/11/25,20.7,407.226,0
2009/11/24,20.9,285.531,0
2009/11/23,20.9,406.475,0
2009/11/20,21.25,473.778,0
2009/11/19,21.4,860.216,0
2009/11/18,21.15,600.792,0
2009/11/17,20.75,448.396,0
2009/11/16,21.2,479.091,0
2009/11/13,21.05,308.486,0
2009/11/12,21.25,409.753,0
2009/11/11,21.55,501.374,0
2009/11/10,21.35,710.177,0
2009/11/09,20.8,320.245,0
2009/11/06,20.7,662.621,0
2009/11/05,20.8,1557.52,0
2009/11/04,21.05,732.954,0
2009/11/03,19.7,434.915,0
2009/11/02,19.4,272.649,0
2009/10/30,19.7,526.217,0
2009/10/29,19.9,654.557,0
2009/10/28,20.6,495.606,0
2009/10/27,20.65,499.709,0
2009/10/26,21,364.987,0
2009/10/23,21.15,590.99,0
2009/10/22,20.8,781.124,0
2009/10/21,21.6,531.133,0
2009/10/20,21.4,404.951,0
2009/10/19,21.85,339.782,0
2009/10/16,21.6,459.309,0
2009/10/15,22.05,1057.46,0
2009/10/14,21.95,700.894,0
2009/10/13,22.2,1563.96,0
2009/10/12,21.65,1397.1,0
2009/10/09,20.25,780.567,0
2009/10/08,19.9,407.647,0
2009/10/07,20.1,593.01,0
2009/10/06,20.5,691.347,0
2009/10/05,20.1,404.009,0
2009/10/02,20.05,694.677,0
2009/10/01,20.65,540.855,0
2009/09/30,20.65,767.67,0
2009/09/29,20.8,617.809,0
2009/09/28,20.45,586.168,0
2009/09/25,20.6,550.206,0
2009/09/24,20.8,547.732,0
2009/09/23,20.75,946.21,0
2009/09/22,21.5,905.275,0
2009/09/21,21.65,820.086,0
2009/09/18,20.8,984.999,0
2009/09/17,19.85,985.373,0
2009/09/16,18.95,368.595,0
2009/09/15,18.9,408.458,0
2009/09/14,18.95,448.547,0
2009/09/11,18.95,546.756,0
2009/09/10,19.2,574.019,0
2009/09/09,18.8,470.876,0
2009/09/08,19.2,581.473,0
2009/09/07,18.9,503.053,0
2009/09/04,18.9,592.033,0
2009/09/03,19.3,904.103,0
2009/09/02,18.25,489.442,0
2009/09/01,18.2,646.566,0
2009/08/31,18.5,962.083,0
2009/08/28,18.1,1075.72,0
2009/08/27,16.95,500.301,0
2009/08/26,16.8,446.801,0
2009/08/25,16.95,309.395,0
2009/08/24,17.1,449.431,0
2009/08/21,16.7,875.841,0
2009/08/20,16.9,1029.8,0
2009/08/19,16,259.051,0
2009/08/18,15.95,546.711,0
2009/08/17,16.45,495.181,0
2009/08/14,16.1,314.635,0
2009/08/13,16.4,481.892,0
2009/08/12,16.05,597.992,0
2009/08/11,15.95,1544.42,0
2009/08/10,16.25,1467.5,0
2009/08/06,17.45,308.504,0
2009/08/05,16.5,377.389,0
2009/08/04,17.5,515.124,0
2009/08/03,17.45,606.264,0
2009/07/31,17.1,982.466,0
2009/07/30,17.8,672.055,0
2009/07/29,18.95,405.88,0
2009/07/28,19.4,796.619,0
2009/07/27,19.35,861.181,0
2009/07/24,18.45,744.477,0
2009/07/23,17.8,759.859,0
2009/07/22,18.4,936.938,0
2009/07/21,17.2,311.968,0
2009/07/20,17.2,431.098,0
2009/07/17,16.75,580.581,0
2009/07/16,15.7,212.682,0
2009/07/15,15.5,131.776,0
2009/07/14,15,102.988,0
2009/07/13,14.8,173.815,0
2009/07/10,15.9,103.38,0
2009/07/09,15.7,70.5017,0
2009/07/08,15.5,101.594,0
2009/07/07,16,85.8689,0
2009/07/06,15.85,132.143,0
2009/07/03,16.3,326.981,0
2009/07/02,16.05,122.997,0
2009/07/01,15,120.43,0
2009/06/30,14.15,78.787,0
2009/06/29,14.1,88.0081,0
2009/06/26,14.4,174.465,0
2009/06/25,14.4,314.438,0
2009/06/24,14.3,351.478,0
2009/06/23,13.4,365.807,0
2009/06/22,13.5,117.394,0
2009/06/19,12.8,128.588,0
2009/06/18,13.1,134.411,0
2009/06/17,13.25,218.259,0
2009/06/16,13.65,252.49,0
2009/06/15,12.8,250.398,0
2009/06/12,13.75,272.126,0
2009/06/11,14.7,294.887,0
2009/06/10,14.75,132.158,0
2009/06/09,15.25,236.379,0
2009/06/08,16.35,143.298,0
2009/06/06,17.1,155.014,0
2009/06/05,16.6,131.834,0
2009/06/04,16.95,357.742,0
2009/06/03,16.3,243.532,0
2009/06/02,16.8,195.19,0
2009/06/01,16.65,210.452,0
2009/05/27,17.05,287.148,0
2009/05/26,16.65,255.847,0
2009/05/25,17.4,278.555,0
2009/05/22,17.3,319.753,0
2009/05/21,17.65,314.496,0
2009/05/20,18,294.363,0
2009/05/19,18.9,634.166,0
2009/05/18,17.7,218.416,0
2009/05/15,17.7,242.518,0
2009/05/14,17.5,207.373,0
2009/05/13,18.25,398.53,0
2009/05/12,18.45,393.281,0
2009/05/11,18.6,409.047,0
2009/05/08,19.5,495.643,0
2009/05/07,19.5,537.667,0
2009/05/06,18.5,375.557,0
2009/05/05,17.3,443.297,0
2009/05/04,18.6,454.985,0
2009/04/30,17.4,367.502,0
2009/04/29,16.3,466.568,0
2009/04/28,16.3,926.1,0
2009/04/27,17.3,633.399,0
2009/04/24,18.6,1299.1,0
2009/04/23,20,808.481,0
2009/04/22,18.7,520.62,0
2009/04/21,17.5,432.34,0
2009/04/20,16.4,462.746,0
2009/04/17,16,905.642,0
2009/04/16,15.7,122.534,0
2009/04/15,14.7,220.694,0
2009/04/14,14.9,330.244,0
2009/04/13,13.95,137.495,0
2009/04/10,14.25,275.107,0
2009/04/09,14.55,323.827,0
2009/04/08,13.6,462.277,0
2009/04/07,13.7,335.772,0
2009/04/06,12.85,231.778,0
2009/04/03,13.45,288.247,0
2009/04/02,13.9,382.663,0
2009/04/01,14.35,406.102,0
2009/03/31,13.45,365.929,0
2009/03/30,14.45,1010.77,0
2009/03/27,14.25,80.6708,0
2009/03/26,13.35,100.367,0
2009/03/25,12.5,274.486,0
2009/03/24,11.7,113.829,0
2009/03/23,11.9,89.8009,0
2009/03/20,11.25,74.5189,0
2009/03/19,11.6,152.758,0
2009/03/18,12.15,222.986,0
2009/03/17,11.65,182.394,0
2009/03/16,11.3,105.763,0
2009/03/13,11,148.231,0
2009/03/12,10.75,97.0315,0
2009/03/11,10.9,233.875,0
2009/03/10,10.9,105.717,0
2009/03/09,10.4,160.026,0
2009/03/06,11.1,185.48,0
2009/03/05,11.85,197.472,0
2009/03/04,11.65,110.661,0
2009/03/03,11.1,249.201,0
2009/03/02,11.2,193.09,0
2009/02/27,12,182.883,0
2009/02/26,12.2,151.399,0
2009/02/25,12.35,256.289,0
2009/02/24,12.8,175.057,0
2009/02/23,13.2,378.902,0
2009/02/20,12.8,443.304,0
2009/02/19,12,176.959,0
2009/02/18,11.9,290.115,0
2009/02/17,11.75,211.781,0
2009/02/16,12.6,168.398,0
2009/02/13,12.8,213.021,0
2009/02/12,12.4,316.638,0
2009/02/11,13.1,806.507,0
2009/02/10,13.9,229.985,0
2009/02/09,13,228.058,0
2009/02/06,12.55,197.48,0
2009/02/05,11.95,201.082,0
2009/02/04,11.75,247.489,0
2009/02/03,11.65,251.367,0
2009/02/02,10.9,197.17,0
2009/01/21,10.2,179.048,0
2009/01/20,9.9,141.806,0
2009/01/19,9.9,225.992,0
2009/01/17,9.6,101.895,0
2009/01/16,9.78,127.871,0
2009/01/15,9.15,86.985,0
2009/01/14,9.59,137.335,0
2009/01/13,8.97,43.6644,0
2009/01/12,8.86,46.3993,0
2009/01/10,8.73,92.5458,0
2009/01/09,9.38,91.3555,0
2009/01/08,8.77,104.266,0
2009/01/07,9.23,201.895,0
2009/01/06,8.63,84.8316,0
2009/01/05,8.07,49.3599,0
2008/12/31,8.06,42.4529,0
2008/12/30,8.14,35.234,0
2008/12/29,7.7,24.5708,0
2008/12/26,7.69,26.8472,0
2008/12/25,8,41.2691,0
2008/12/24,7.8,78.7592,0
2008/12/23,7.86,44.7727,0
2008/12/22,8.45,198.553,0
2008/12/19,8.72,59.5874,0
2008/12/18,8.15,146.684,0
2008/12/17,7.62,129.166,0
2008/12/16,7.62,75.1401,0
2008/12/15,7.13,24.8408,0
2008/12/12,6.95,45.2934,0
2008/12/11,7.42,64.1711,0
2008/12/10,7.5,65.2065,0
2008/12/09,7.04,45.3342,0
2008/12/08,7.2,62.307,0
2008/12/05,6.73,35.3077,0
2008/12/04,6.65,28.3862,0
2008/12/03,6.6,38.4113,0
2008/12/02,6.92,49.4886,0
2008/12/01,7.44,82.8118,0
2008/11/28,6.96,72.8763,0
2008/11/27,6.51,48.4182,0
2008/11/26,6.09,44.0566,0
2008/11/25,5.7,25.7149,0
2008/11/24,5.9,31.2857,0
2008/11/21,6.02,44.6172,0
2008/11/20,5.63,24.8885,0
2008/11/19,6.05,36.8146,0
2008/11/18,5.98,16.7688,0
2008/11/17,6.42,32.893,0
2008/11/14,6.9,38.8122,0
2008/11/13,7.22,33.9542,0
2008/11/12,7.76,20.9311,0
2008/11/11,7.91,37.1546,0
2008/11/10,8.5,25.7688,0
2008/11/07,8.3,56.5275,0
2008/11/06,8.47,48.505,0
2008/11/05,9.1,83.1191,0
2008/11/04,8.6,79.6736,0
2008/11/03,8.48,112.57,0
2008/10/31,7.93,48.2448,0
2008/10/30,7.42,48.3041,0
2008/10/29,6.94,81.9149,0
2008/10/28,7.46,59.0932,0
2008/10/27,8.01,8.59513,0
2008/10/24,8.61,7.31342,0
2008/10/23,8.92,9.17962,0
2008/10/22,9.24,38.9226,0
2008/10/21,9.57,52.5652,0
2008/10/20,9.68,51.2862,0
2008/10/17,9.9,135.825,0
2008/10/16,10.25,17.583,0
2008/10/15,10.6,204.396,0
2008/10/14,10.05,33.9716,0
2008/10/13,9.4,108.448,0
2008/10/09,8.8,93.7791,0
2008/10/08,9.26,74.1069,0
2008/10/07,9.95,56.0831,0
2008/10/06,9.96,138.895,0
2008/10/03,10.7,147.616,0
2008/10/02,10,80.7046,0
2008/10/01,10.1,82.1863,0
2008/09/30,9.44,71.5092,0
2008/09/26,10.15,175.236,0
2008/09/25,10.6,290.22,0
2008/09/24,9.95,167.563,0
2008/09/23,9.67,118.188,0
2008/09/22,9.04,28.8367,0
2008/09/19,8.45,86.1944,0
2008/09/18,7.9,116.994,0
2008/09/17,8.46,126.348,0
2008/09/16,9.09,33.1682,0
2008/09/15,9.77,85.914,0
2008/09/12,10.5,82.6319,0
2008/09/11,10.1,141.345,0
2008/09/10,10.6,105.75,0
2008/09/09,9.91,64.782,0
2008/09/08,10.65,73.2821,0
2008/09/05,10.05,113.639,0
2008/09/04,10.5,115.284,0
2008/09/03,10.05,174.989,0
2008/09/02,10.65,125.983,0
2008/09/01,11.4,103.493,0
2008/08/29,12.25,39.9414,0
2008/08/28,12.3,46.9957,0
2008/08/27,12.3,96.848,0
2008/08/26,12.1,74.3617,0
2008/08/25,12.7,103.812,0
2008/08/22,13,90.1884,0
2008/08/21,13.2,92.337,0
2008/08/20,13.5,40.2421,0
2008/08/19,13.55,64.1851,0
2008/08/18,13.3,102.959,0
2008/08/15,13.65,200.288,0
2008/08/14,13.9,89.4789,0
2008/08/13,13.55,180.366,0
2008/08/12,14,102.113,0
2008/08/11,14,113.337,0
2008/08/08,14.25,155.799,0
2008/08/07,13.9,255.685,0
2008/08/06,14,79.2014,0
2008/08/05,13.55,117.467,0
2008/08/04,14,137.584,0
2008/08/01,13.4,116.642,0
2008/07/31,13.95,264.786,0
2008/07/30,13.25,96.5407,0
2008/07/29,13.4,80.4128,0
2008/07/25,14.25,72.6457,0
2008/07/24,14.75,205.243,0
2008/07/23,14.55,217.792,0
2008/07/22,14.15,130.276,0
2008/07/21,14.05,154.602,0
2008/07/18,13.95,212.914,0
2008/07/17,15,113.127,0
2008/07/16,15,71.7684,0
2008/07/15,15.4,68.6007,0
2008/07/14,16.25,50.6541,0
2008/07/11,16.25,99.24,0
2008/07/10,15.5,112.685,0
2008/07/09,15.8,115.652,0
2008/07/08,16.6,160.494,0
2008/07/07,17.8,63.5667,0
2008/07/04,17.5,88.8575,0
2008/07/03,18.35,144.688,0
2008/07/02,17.9,198.29,0
2008/07/01,17.9,62.5194,0
2008/06/30,17.8,72.6431,0
2008/06/27,17.65,117.563,0
2008/06/26,18.6,120.314,0
2008/06/25,18.25,168.251,0
2008/06/24,18.3,97.2296,0
2008/06/23,19.25,80.9999,0
2008/06/20,19.6,155.961,0
2008/06/19,20.1,188.92,0
2008/06/18,21.05,125.091,0
2008/06/17,21.35,110.707,0
2008/06/16,22,145.084,0
2008/06/13,22.2,188.911,0
2008/06/12,21,160.362,0
2008/06/11,21.8,116.197,0
2008/06/10,21.8,175.913,0
2008/06/09,22.4,124.637,0
2008/06/06,22.95,176.068,0
2008/06/05,22.85,577.876,0
2008/06/04,22.55,328.104,0
2008/06/03,21.1,241.232,0
2008/06/02,21.35,290.593,0
2008/05/30,20.7,1648.89,0
2008/05/29,22.15,458.68,0
2008/05/28,22.55,371.02,0
2008/05/27,23.5,197.875,0
2008/05/26,24,170.918,0
2008/05/23,24.6,240.364,0
2008/05/22,25.4,257.816,0
2008/05/21,26.35,205.721,0
2008/05/20,26.25,134.611,0
2008/05/19,26.9,46.1052,0
2008/05/16,27.05,99.9484,0
2008/05/15,26.95,134.862,0
2008/05/14,26.4,74.3674,0
2008/05/13,26.3,105.242,0
2008/05/12,25.75,73.2817,0
2008/05/09,25.55,117.059,12.1301
2008/05/08,25.8,216.118,12.0126
2008/05/07,26.65,96.1385,11.6295
2008/05/06,26.6,91.4644,11.6513
2008/05/05,25.85,151.688,11.9894
2008/05/02,26.9,105.513,11.5214
2008/04/30,26.85,78.3141,11.5428
2008/04/29,26.75,146.432,11.586
2008/04/28,28.35,135.419,10.9321
2008/04/25,28.05,292.111,11.049
2008/04/24,27.85,158.136,11.1284
2008/04/23,28.75,115.137,10.78
2008/04/22,28.5,144.21,10.8746
2008/04/21,28.25,94.919,10.9708
2008/04/18,28.3,120.405,10.9514
2008/04/17,28.2,228.828,10.9902
2008/04/16,27.5,63.4242,11.27
2008/04/15,27.35,70.5387,11.3318
2008/04/14,27.3,57.5492,11.3526
2008/04/11,27.5,82.1734,11.27
2008/04/10,27.45,112.242,11.2905
2008/04/09,26.65,96.0074,11.6295
2008/04/08,27.2,119.216,11.3943
2008/04/07,27.65,124.017,11.2089
2008/04/03,27.5,221.81,11.27
2008/04/02,27.8,270.909,11.1484
2008/04/01,26.9,323.224,11.5214
2008/03/31,26.95,144.695,11.5
2008/03/28,27,195.165,11.4787
2008/03/27,27.1,80.1665,11.4363
2008/03/26,27.4,141.231,11.3111
2008/03/25,27.6,166.463,11.2292
2008/03/24,27.35,275.236,11.3318
2008/03/21,26.55,144.771,11.6733
2008/03/20,25.5,184.527,12.1539
2008/03/19,25.5,114.614,12.1539
2008/03/18,24.9,179.398,12.4468
2008/03/17,25.15,222.792,12.3231
2008/03/14,27,160.037,11.4787
2008/03/13,27.5,130.427,11.27
2008/03/12,27.85,151.859,11.1284
2008/03/11,27.65,81.2964,11.2089
2008/03/10,27.8,168.531,11.1484
2008/03/07,28.1,141.426,11.0316
2008/03/06,28.35,280.23,10.9343
2008/03/05,27.25,107.479,11.3757
2008/03/04,27.4,234.419,11.3134
2008/03/03,26.8,132.386,11.5667
2008/02/29,27.5,160.793,11.2723
2008/02/27,27.85,501.051,11.1306
2008/02/26,26.75,138.004,11.5883
2008/02/25,26.45,129.023,11.7197
2008/02/22,26.2,105.332,11.8316
2008/02/21,26.7,97.4103,11.61
2008/02/20,25.7,211.394,12.0618
2008/02/19,26.6,103.155,11.6536
2008/02/18,26.3,114.607,11.7866
2008/02/15,26,72.5563,11.9226
2008/02/14,26.3,155.913,11.7866
2008/02/13,24.6,91.3339,12.6011
2008/02/12,24.8,143.344,12.4995
2008/02/01,26.55,125.58,11.6739
2008/01/31,26.7,213.131,11.6083
2008/01/30,25.8,251.52,12.0133
2008/01/29,26.3,147.321,11.7849
2008/01/28,25.45,138.701,12.1785
2008/01/25,25.8,192.265,12.0133
2008/01/24,25.2,209.25,12.2993
2008/01/23,24.15,344.63,12.834
2008/01/22,24.9,341.218,12.4475
2008/01/21,26.75,338.876,11.5866
2008/01/18,26.55,755.108,11.6739
2008/01/17,25.65,530.587,12.0835
2008/01/16,24,113.449,12.9143
2008/01/15,25.1,259.638,12.3483
2008/01/14,24.1,140.568,12.8607
2008/01/11,23.5,88.0032,13.189
2008/01/10,24,93.7829,12.9143
2008/01/09,24,167.064,12.9135
2008/01/08,22.7,138.23,13.6531
2008/01/07,23.2,201.929,13.3588
2008/01/04,24.85,102.509,12.4718
2008/01/03,24.8,163.885,12.497
2008/01/02,25,279.962,12.397
2007/12/31,25.7,182.213,12.0593
2007/12/28,26.25,300.315,11.8067
2007/12/27,25.5,175.917,12.1539
2007/12/26,25.35,75.0265,12.2258
2007/12/25,25.05,60.0483,12.3723
2007/12/24,24.75,79.9017,12.5222
2007/12/21,24.4,147.117,12.7018
2007/12/20,25.05,141.653,12.3723
2007/12/19,25.35,219.344,12.2258
2007/12/18,25.5,267.83,12.1539
2007/12/17,25.55,133.381,12.1301
2007/12/14,26.6,139.856,11.6513
2007/12/13,26.5,168.197,11.6953
2007/12/12,27.25,88.2104,11.3734
2007/12/11,27.7,55.706,11.1886
2007/12/10,27.3,90.1692,11.3526
2007/12/07,28.05,127.754,11.0463
2007/12/06,27.8,352.609,11.1456
2007/12/05,28.95,523.894,10.7029
2007/12/04,27.5,113.583,11.2672
2007/12/03,28,190.37,11.066
2007/11/30,27.5,427.887,11.2672
2007/11/29,26.85,214.597,11.54
2007/11/28,25.7,106.722,12.0563
2007/11/27,26.65,166.737,11.6266
2007/11/26,26.25,164.572,11.8037
2007/11/23,25.3,134.644,12.247
2007/11/22,25.4,138.606,12.1987
2007/11/21,25.6,275.666,12.1034
2007/11/20,26.6,182.254,11.6484
2007/11/19,26.4,238.957,11.7367
2007/11/16,25.5,182.786,12.1509
2007/11/15,26.5,123.674,11.6924
2007/11/14,27.1,223.919,11.4335
2007/11/13,26.75,192.512,11.5831
2007/11/12,26.35,261.861,11.7589
2007/11/09,26.05,220.496,11.897
2007/11/08,26.95,328.06,11.4997
2007/11/07,28.9,151.624,10.7238
2007/11/06,29.2,104.96,10.6136
2007/11/05,29.4,250.959,10.5414
2007/11/02,30,271.222,10.3306
2007/11/01,30.6,154.495,10.128
2007/10/31,30.8,155.843,10.0623
2007/10/30,30.55,132.247,10.1446
2007/10/29,31.1,196.079,9.96521
2007/10/26,31.25,236.121,9.91738
2007/10/25,30.3,293.679,10.2283
2007/10/24,30.25,526.376,10.2452
2007/10/23,31.05,358.564,9.98126
2007/10/22,31.5,309.117,9.83867
2007/10/19,32.85,159.492,9.43434
2007/10/18,32.85,252.545,9.43434
2007/10/17,32.15,229.21,9.63975
2007/10/16,32.9,542.476,9.42
2007/10/15,31.9,156.879,9.7153
2007/10/12,31.9,188.237,9.7153
2007/10/11,32.35,199.645,9.58016
2007/10/09,32.35,181.296,9.58453
2007/10/08,32.1,189.744,9.65917
2007/10/05,32.55,138.048,9.52564
2007/10/04,32.8,156.107,9.45303
2007/10/03,33.1,279.041,9.36736
2007/10/02,32.75,234.385,9.46747
2007/10/01,32.2,192.679,9.62918
2007/09/29,32.9,192.981,9.4243
2007/09/28,32.95,381.968,9.41
2007/09/27,34.2,607.177,9.06607
2007/09/26,32.1,335.541,9.65917
2007/09/21,31.8,232.927,9.7503
2007/09/20,32.2,168.29,9.62918
2007/09/19,31.9,233.439,9.71973
2007/09/17,31.65,122.421,9.79651
2007/09/14,32.35,138.28,9.58453
2007/09/13,31.75,139.715,9.76565
2007/09/12,32,98.1337,9.68936
2007/09/11,32.05,76.9034,9.67424
2007/09/10,32.05,144.425,9.67424
2007/09/07,32.9,128.264,9.42657
2007/09/06,32.75,128.725,9.46974
2007/09/05,32.05,130.391,9.67657
2007/09/04,32.6,123.641,9.51331
2007/09/03,32.2,128.617,9.63149
2007/08/31,32.95,236.779,9.41226
2007/08/30,31.5,170.452,9.84552
2007/08/29,31.05,206.773,9.98821
2007/08/28,31.8,242.613,9.75264
2007/08/27,32,380.32,9.69169
2007/08/24,32.6,178.388,9.51331
2007/08/23,33.25,267.145,9.32734
2007/08/22,33.05,125.631,9.38378
2007/08/21,32.7,162.655,9.48422
2007/08/20,33.55,198.67,9.24393
2007/08/17,32.55,350.054,9.52793
2007/08/16,32.9,497.537,9.42657
2007/08/15,34.75,476.599,8.92472
2007/08/14,35.9,492.744,8.63883
2007/08/13,40,744.049,7.75335
2007/08/10,40.15,418.682,7.72438
2007/08/09,40.75,289.966,7.60645
2007/08/08,40.35,168.201,7.68186
2007/08/07,39.8,256.443,7.78801
2007/08/06,40,220.397,7.74907
2007/08/03,40.35,305.011,7.68186
2007/08/02,40.1,348.126,7.72975
2007/08/01,39.6,640.966,7.82735
2007/07/31,40.7,348.326,7.6158
2007/07/30,39.55,538.982,7.83724
2007/07/27,40.05,657.059,7.7394
2007/07/26,41.9,417.389,7.39768
2007/07/25,42.9,306.722,7.22524
2007/07/24,43,505.558,7.20844
2007/07/23,43,524.969,7.20844
2007/07/20,43.15,532.049,7.18338
2007/07/19,42.25,347.708,7.3364
2007/07/18,41.9,708.041,7.39768
2007/07/17,42.7,715.954,7.25909
2007/07/16,42.8,363.33,7.24213
2007/07/13,43.1,569.021,7.19172
2007/07/12,43.35,474.939,7.15024
2007/07/11,43,395.375,7.20844
2007/07/10,43.8,489.875,7.07678
2007/07/09,44,945.429,7.04226
2007/07/06,42.5,575.563,7.29081
2007/07/05,42.95,439.721,7.21442
2007/07/04,42.5,467.32,7.29081
2007/07/03,41.8,301.983,7.41291
2007/07/02,41.55,267.43,7.45751
2007/06/29,41.55,246.784,7.45751
2007/06/28,41.9,326.323,7.39522
2007/06/27,41.6,320.65,7.44855
2007/06/26,41.25,686.454,7.51175
2007/06/25,42.5,690.4,7.29081
2007/06/23,42.8,448.426,7.23971
2007/06/22,43.2,1578.48,7.17267
2007/06/21,42.2,1793.29,7.34264
2007/06/20,40,615.73,7.74649
2007/06/15,39.55,225.443,7.83463
2007/06/14,39.65,294.901,7.81487
2007/06/13,39.2,221.297,7.90458
2007/06/12,39,214.035,7.94512
2007/06/11,39.3,203.012,7.88447
2007/06/08,39,247.044,7.9529
2007/06/07,39.4,326.954,7.87216
2007/06/06,39.5,411.589,7.85223
2007/06/05,40,505.767,7.75408
2007/06/04,40.3,567.525,7.69635
2007/06/01,40.3,1319.81,7.69635
2007/05/31,41.15,3520.79,7.53737
2007/05/30,38.5,426.723,8.05618
2007/05/29,38.35,370.722,8.08769
2007/05/28,38.3,538.287,8.09825
2007/05/25,37.9,141.317,8.18372
2007/05/24,38.1,295.861,8.14076
2007/05/23,37.8,378.044,8.20537
2007/05/22,38,289.861,8.16218
2007/05/21,37.4,273.612,8.29313
2007/05/18,37.5,182.579,8.27101
2007/05/17,37.4,343.551,8.29313
2007/05/16,37.9,84.1862,8.18372
2007/05/15,37.9,113.997,8.18372
2007/05/14,38.05,224.836,8.15146
2007/05/11,38.15,118.281,8.13009
2007/05/10,38.35,276.246,8.08769
2007/05/09,38.5,230.263,2.86971
2007/05/08,38.3,162.918,2.8847
2007/05/07,38.6,484.47,2.86228
2007/05/04,38.65,749.195,2.85858
2007/05/03,37.25,247.67,2.96601
2007/05/02,37.6,165.987,2.9384
2007/04/30,37.55,187.458,2.94232
2007/04/27,38.05,189.908,2.90365
2007/04/26,38.05,221.43,2.90365
2007/04/25,38,205.781,2.90747
2007/04/24,38,236.449,2.90747
2007/04/23,38.1,320.566,2.89984
2007/04/20,37.25,389.741,2.96601
2007/04/19,37.6,319.396,2.9384
2007/04/18,37.9,191.762,2.91514
2007/04/17,37.9,337.67,2.91514
2007/04/16,38.45,398.869,2.87345
2007/04/14,38.6,261.963,2.86228
2007/04/13,38.15,697.579,2.89604
2007/04/12,38.85,792.704,2.84386
2007/04/11,38.6,675.792,2.86228
2007/04/10,38.05,269.532,2.90365
2007/04/09,38,336.434,2.90547
2007/04/04,38.15,457.78,2.89405
2007/04/03,37.8,302.518,2.92085
2007/04/02,37.75,359.614,2.92472
2007/03/30,37.2,321.17,2.96796
2007/03/29,36.7,390.176,3.00839
2007/03/28,37,312.39,2.984
2007/03/27,37.45,304.922,2.94814
2007/03/26,37.7,241.64,2.92859
2007/03/23,37.55,329.338,2.94029
2007/03/22,37.5,407.374,2.94421
2007/03/21,37.7,404.86,2.92859
2007/03/20,38.15,535.714,2.89405
2007/03/19,38,513.956,2.90547
2007/03/16,37.6,503.455,2.93638
2007/03/15,37.6,387.624,2.93638
2007/03/14,37.4,267.519,2.95209
2007/03/13,37.55,230.081,2.94029
2007/03/12,37.85,488.682,2.91699
2007/03/09,37.4,232.502,2.95465
2007/03/08,37.45,257.835,2.95071
2007/03/07,37.25,415.686,2.96655
2007/03/06,36.9,221.576,2.99469
2007/03/05,36.35,400.979,3.04
2007/03/03,37.2,203.828,2.97054
2007/03/02,37.5,341.785,2.94677
2007/03/01,37.35,472.504,2.95861
2007/02/27,37.3,247.599,2.96257
2007/02/26,36.9,251.188,2.99469
2007/02/14,36.6,219.963,3.01924
2007/02/13,36.7,191.173,3.01101
2007/02/12,36.35,224.73,3.04
2007/02/09,36.3,189.905,3.03752
2007/02/08,36.25,286.073,3.04171
2007/02/07,36.45,317.01,3.02502
2007/02/06,37.15,207.641,2.96802
2007/02/05,36.9,218.241,2.98813
2007/02/02,36.5,207.246,3.02088
2007/02/01,36.2,158.107,3.04591
2007/01/31,36.35,223.155,3.03334
2007/01/30,36.25,418.809,3.04171
2007/01/29,36.8,376.021,2.99625
2007/01/26,37.5,283.268,2.94032
2007/01/25,37.8,897.195,2.91698
2007/01/24,37.75,389.887,2.92085
2007/01/23,37.45,476.58,2.94425
2007/01/22,37.1,357.351,2.97202
2007/01/19,36.8,569.225,2.99625
2007/01/18,37.3,489.934,2.95609
2007/01/17,36.8,584.374,2.99625
2007/01/16,37.45,359.828,2.94425
2007/01/15,37.3,343.18,2.95609
2007/01/12,37.35,696.821,2.95213
2007/01/11,36.8,1326.98,2.99625
2007/01/10,38.4,425.267,2.87141
2007/01/09,38.65,391.268,2.85261
2007/01/08,38.65,691.336,2.85261
2007/01/05,39.05,887.816,2.82339
2007/01/04,39.3,1041.74,2.80543
2007/01/03,39,1103.2,2.82701
2007/01/02,38.8,616.91,2.84159
2006/12/29,39.1,474.17,2.81978
2006/12/28,38.9,822.537,2.83428
2006/12/27,38.7,451.041,2.84893
2006/12/26,38.6,420.49,2.85631
2006/12/25,38.55,487.232,2.86001
2006/12/22,38.7,549.981,2.84893
2006/12/21,39.05,905.332,2.82339
2006/12/20,39.35,1371.78,2.80187
2006/12/19,38.8,544.764,2.84159
2006/12/18,39.2,557.416,2.81259
2006/12/15,38.9,1151.97,2.83428
2006/12/14,38.6,724.757,2.85631
2006/12/13,37.7,319.616,2.9245
2006/12/12,37.75,461.926,2.92062
2006/12/11,38.15,486.697,2.89
2006/12/08,37.65,644.935,2.93197
2006/12/07,38,974.76,2.90496
2006/12/06,38.95,555.729,2.83411
2006/12/05,38.4,860.522,2.8747
2006/12/04,38.25,489.102,2.88597
2006/12/01,38.4,851.932,2.8747
2006/11/30,38.15,909.201,2.89354
2006/11/29,37.75,721.54,2.9242
2006/11/28,37.75,1499.17,2.9242
2006/11/27,38.8,970.246,2.84506
2006/11/24,39.35,714.549,2.8053
2006/11/23,39.15,875.564,2.81963
2006/11/22,39.6,1254.16,2.78759
2006/11/21,39.3,1016.02,2.80887
2006/11/20,39.25,991.329,2.81245
2006/11/17,40,1329.8,2.75971
2006/11/16,39.5,2317.85,2.79465
2006/11/15,38.5,2679.76,2.86723
2006/11/14,39.15,3042.93,2.81963
2006/11/13,36.6,1742.58,3.01608
2006/11/10,35.35,439.374,3.12273
2006/11/09,34.85,961.197,3.16712
2006/11/08,35.9,953.988,3.07448
2006/11/07,35.9,1137.16,3.07448
2006/11/06,35.65,2248.43,3.09604
2006/11/03,34.45,1637.89,3.20389
2006/11/02,33.25,286.353,3.31952
2006/11/01,33.1,383.53,3.33456
2006/10/31,33.35,329.396,3.30957
2006/10/30,33.6,425.509,3.28494
2006/10/27,33.65,1468.67,3.28006
2006/10/26,32.4,469.511,3.4066
2006/10/25,31.65,153.506,3.48733
2006/10/24,31.9,179.354,3.46
2006/10/23,31.9,132.334,3.46
2006/10/20,32,158.317,3.44919
2006/10/19,31.75,325.113,3.47635
2006/10/18,31.9,276.475,3.46
2006/10/17,32.3,182.154,3.41715
2006/10/16,32.8,399.038,3.36506
2006/10/14,32.75,242.497,3.3702
2006/10/13,32.7,626.109,3.37535
2006/10/12,32.4,415.791,3.4066
2006/10/11,31.8,181.137,3.47088
2006/10/05,31.75,315.192,3.48031
2006/10/04,31.6,311.198,3.49684
2006/10/03,31.95,429.342,3.45853
2006/10/02,32.1,232.944,3.44237
2006/09/29,31.9,190.728,3.46395
2006/09/28,31.75,735.254,3.48031
2006/09/27,32.55,306.591,3.39478
2006/09/26,32.5,383.045,3.4
2006/09/25,33.1,302.19,3.33837
2006/09/22,33,280.063,3.34848
2006/09/21,32.8,528.135,3.3689
2006/09/20,32.95,648.401,3.35357
2006/09/19,33.95,262.577,3.25479
2006/09/18,34.25,342.16,3.22628
2006/09/15,33.55,207.324,3.29359
2006/09/14,33.25,567.514,3.32331
2006/09/13,34,240.432,3.25
2006/09/12,33.9,316.868,3.25959
2006/09/11,34.4,471.717,3.21221
2006/09/08,33.8,194.334,3.26923
2006/09/07,33.8,297.969,3.26923
2006/09/06,33.8,372.465,3.26923
2006/09/05,34,433.074,3.25
2006/09/04,34.8,520.104,3.17529
2006/09/01,34.55,637.59,3.19826
2006/08/31,34,518.053,3.25
2006/08/30,34,1078.41,3.25
2006/08/29,33,344.406,3.34848
2006/08/28,32.15,189.942,3.43701
2006/08/25,32.5,342.422,3.4
2006/08/24,32.8,307.74,3.3689
2006/08/23,32.1,231.119,3.44237
2006/08/22,32.2,287.507,3.43168
2006/08/21,31.55,888.443,3.50238
2006/08/18,32.5,1680.15,3.4
2006/08/17,33.5,654.255,3.29851
2006/08/16,33.25,496.846,3.32331
2006/08/15,33.2,548.511,3.32831
2006/08/14,33.5,450.005,3.29851
2006/08/11,33.15,754.052,3.33333
2006/08/10,32.75,895.424,3.37405
2006/08/09,33,717.214,3.34227
2006/08/08,33.1,760.23,3.33218
2006/08/07,32.6,319.047,3.38328
2006/08/04,32.6,399.64,3.38328
2006/08/03,32.85,738.97,3.35753
2006/08/02,33,866.24,3.34227
2006/08/01,33.2,661.083,3.32214
2006/07/31,34,501.304,3.24397
2006/07/28,34.9,396.066,3.16032
2006/07/27,34.65,352.027,3.18312
2006/07/26,34.8,243.364,3.1694
2006/07/25,35,528.898,3.15129
2006/07/24,35.5,386.025,3.1069
2006/07/21,35.8,1017.76,3.08087
2006/07/20,35.75,1225.01,3.08518
2006/07/19,34.05,573.792,3.23921
2006/07/18,35,727.122,3.15129
2006/07/17,33.1,493.858,3.33218
2006/07/14,33.8,586.158,3.26317
2006/07/13,34.9,710.41,3.16032
2006/07/12,34.7,974.993,3.17853
2006/07/11,33.8,866.937,3.26317
2006/07/10,32.7,268.804,3.37294
2006/07/07,32.7,480.789,4.17908
2006/07/06,32.2,284.363,4.24398
2006/07/05,32.4,521.602,4.21778
2006/07/04,33.25,1025.39,4.10995
2006/07/03,33.35,668.027,4.09763
2006/06/30,32.25,1415.9,4.2374
2006/06/29,31,714.512,4.40826
2006/06/28,31.45,960.421,4.34518
2006/06/27,31.4,1048.93,4.3521
2006/06/26,29.35,322.84,4.65608
2006/06/23,28.6,211.324,4.77818
2006/06/22,29.2,381.249,4.68
2006/06/21,28.5,387.243,4.79495
2006/06/20,28.85,376.856,4.73678
2006/06/19,29.6,295.878,4.61676
2006/06/16,29.8,390.319,4.58577
2006/06/15,29.2,361.532,4.68
2006/06/14,29.55,299.252,4.62457
2006/06/13,29.2,354.623,4.68
2006/06/12,29.5,313.673,4.63241
2006/06/09,29.3,767.232,4.6715
2006/06/08,29,732.696,4.71983
2006/06/07,31,546.802,4.41532
2006/06/06,30.5,558.82,4.4877
2006/06/05,30.5,418.305,4.4877
2006/06/02,31.6,486.999,4.33149
2006/06/01,31.45,737.272,4.35215
2006/05/30,31.2,606.121,4.38702
2006/05/29,31.2,691.545,4.38702
2006/05/26,30,677.109,4.5625
2006/05/25,30.2,675.947,4.53228
2006/05/24,30.9,1483.01,4.42961
2006/05/23,31.5,1098.24,4.34524
2006/05/22,33.8,1337.79,4.04956
2006/05/19,36.3,135.234,3.77066
2006/05/18,36.5,219.941,3.75
2006/05/17,36.9,522.967,3.70935
2006/05/16,36.5,244.982,3.75
2006/05/15,36.05,132.429,3.79681
2006/05/12,36.5,309.778,3.75
2006/05/11,37,498.405,3.69932
2006/05/10,35.5,373.325,3.85563
2006/05/09,36.2,394.44,0.280359
2006/05/08,37.5,344.299,0.27064
2006/05/05,37,476.469,0.274297
2006/05/04,37.5,457.092,0.27064
2006/05/03,38.05,813.776,0.266728
2006/05/02,37.4,202.358,0.271364
2006/04/28,37.5,264.057,0.27064
2006/04/27,36.8,477.172,0.275788
2006/04/26,38.4,452.069,0.264297
2006/04/25,37.2,291.458,0.272823
2006/04/24,37.65,251.169,0.269562
2006/04/21,38.3,637.461,0.264987
2006/04/20,38.1,658.769,0.266378
2006/04/19,39,1781.72,0.260231
2006/04/18,36.65,551.906,0.276917
2006/04/17,36,956.249,0.281917
2006/04/14,35.5,916.744,0.285887
2006/04/13,33.9,564.597,0.299381
2006/04/12,33.85,263.633,0.299823
2006/04/11,33.7,277.339,0.301157
2006/04/10,33.9,343.623,0.299381
2006/04/07,33.9,829.641,999998
2006/04/06,32.9,1277.91,999998
2006/04/04,30.75,448.94,999998
2006/04/03,30,300.621,999998
2006/03/31,29.85,359.341,999998
2006/03/30,28.8,258.295,999998
2006/03/29,27.9,128.475,999998
2006/03/28,28.25,268.221,999998
2006/03/27,27.6,157.309,999998
2006/03/24,27.8,313.826,999998
2006/03/23,27.5,307.519,999998
2006/03/22,28.3,479.475,999998
2006/03/21,28,745.119,999998
2006/03/20,32,791.168,999998
2006/03/17,33,1069.1,999998
